	robot_id	robot_name
0	a0e7bad2868ac7777a6c584fb464133bc9b58967	runner.RobotOptimus
1	2d97f27974e05239af43e77b9589aaef317203fe	runner.RobotOptimus
2	df6cff510c5476e6045cf6a53dc14ea77b7addc7	runner.RobotOptimus
3	02cfcc997c7f08ea24df9f98acebebf684a848f7	runner.RobotOptimus
4	b33a78d87d9cee0cd44d18ed0460420461812b38	runner.RobotOptimus
5	bf4c7cece060c3055ec6859de361c103e9752a34	runner.RobotOptimus
6	a81b0c0f135af1b7de6019ce423901fa7f1b0da4	runner.RobotOptimus
7	6ca5478b0053fdd1d214b5c58fa6a60c65c89d4d	runner.JasmineBot
8	1f3f422be37d93b52dd15600817836fa62090eb1	runner.XMLinator
9	69c1a7b720a8baeda012270a19a5daa20144c841	runner.CopyDroid
10	ee93ac299fa5d4f36375390028a0b00e42f32b45	runner.CopyDroid
11	ec647784242a3e9d3a28a1262dd0fb81690b9172	runner.JoinerBot
12	beca7c5866d018de57dee2107f61b6fca2cb2360	runner.XMLinator
13	5d153d3cc2453cb11306048a6d0ae4d115367e35	runner.XMLinator
14	0ff1aacaad95aeee56bc4a2cc78773c0f6ce7f68	runner.ImporterX
15	4d7950343d7ea9e3f8b923a2b88201431cb6b527	runner.TestoTron
16	def1da8e973b22bdf87627a5b83e984792f39019	runner.XMLinator
17	e169fe2ac96fc5cfe8f13595d693ee52105ad4db	runner.ImporterX
18	d05dd0308bd5d2365f1ee1b9ff84292d8b8498dd	runner.XMLinator
19	6d0cd5dae8f26320ddaca3dbc33c433e6a90eb7d	runner.RunnerBotX
20	d6655ef83ba755244bb3a1dd08790059d381ab14	runner.TestoTron
21	d6e7cd000307b6a829e00d1e8ec570aef3cff694	runner.ImporterX
22	bce279dd7bfb5afee12263b7844b1ff67cc3b4aa	runner.CopyDroid
23	3e3610a0b7e132ba9aa54c285903f78b921331ea	runner.TestoTron
24	82fba365c1c5bd0705a277f8f9f3f1ab4484ceb3	runner.RopeWalker
25	c8a007269f3c58c15c89da7dc87b6f0bac92bf1c	runner.ImporterX
26	fe850fdf7dab1f4396199829e46d9c40f7de0616	runner.RopeWalker
27	741274600360d150270dd1d259893c60a6f11833	runner.Artifactor
28	df972d16e733d3255b0ebaae84dd155efc30b4a7	runner.ImporterX
29	5b801603ae891f1e1eb87f8ccde85f58570d4dee	runner.RopeWalker
30	8e0847caebfe25555ddec52747639ec6efcd0ea0	runner.JesterUnit
31	06d526dc9274877fcaf5d7aafb785a7eb9b2734d	runner.BuildoPlane
32	897d7b597411e337ff111f0e43cc47d4ffa6eacf	runner.IntegronBot
33	a2d8e93279aee6be7eb81e61ce6337f3dcc3abd1	runner.Artifactor
34	e56d409f02faf06fbeb12ebc9b219c304039ecc4	runner.RobotOptimus
35	3096019087b8fbb60ca94f1597913700901e4fa4	runner.ProfileBot
36	e65d6fab111c8de462454f2a4532538e9b6a9819	runner.RobotOptimus
37	c02417190ade2566c908b4d9672207c6865cfbf3	runner.JasmineBot
38	30fb01389778f13a37650c6f8eb34b7fa271adef	runner.RobotOptimus
39	52211d3553ae5874f7fbe13013aad8118b734c58	runner.ProfileBot
40	2b917058150d98b286f79f76ea1f355986fd580d	runner.UnitJasBot
41	02bde815b155c88f75ba31027afaa5b7c8d24233	runner.ProfileBot
42	1c069d294d0a7fce48e672db3684f88685cc1798	runner.RobotOptimus
43	13365c66c0f75c70f226f81143ad2b7c1a3418d5	runner.RobotOptimus
44	e318f51c5e7b6c3ea87a53a52a04a89a01f44d14	runner.RobotOptimus
45	044b1c9b9d94975cc94b7bfe6c444b6ba271971c	runner.ProfileBot
46	b3d5a376d2c9ae5168246f979fbec57980d62df7	runner.RobotOptimus
47	dfd6a78831abde7259dc18a20fd546c646b0298c	runner.RobotOptimus
48	a8ab096d31926c8d0ddbc8b49def263b77ee6534	runner.RobotOptimus
49	c98060c2847ae049be5e52afccfeafab5befc327	runner.RobotOptimus
50	1560cdd05b5753fdfbe126576564cc908274a356	runner.ProfileBot
51	a190f36c28c58e01d48b968b131b66ac05587099	runner.RobotOptimus
52	bc700338f49c502aa2bdccba890b6cf7999b0c5a	runner.RobotOptimus
53	def21eaf7c0ae5e7cb7251478f46078a3da24b18	runner.RobotOptimus
54	1e2c7323dcd529edb9512fbe0175571256a0f058	runner.RobotOptimus
55	1025687210290b8f9e7e734d76c74971400ff4e0	runner.RobotOptimus
56	d46dea3f592010bb48c93a02f59deded85ebb7ef	runner.RobotOptimus
57	6a5a5c889281af88a6dcbc8975a88f2590f2939c	runner.RobotOptimus
58	2176397dcd575409a3496855c6e817b6d8f40792	runner.RobotOptimus
59	0951460664c88197412ccbe084d201b0cd9d775f	runner.HappyBot
60	eb236672287f4d8f95e92f5b64c34871314ae877	runner.ProfileBot
61	f901bbaf2a9a5ae1bfa118a3d25a9aeff0dfb246	runner.ProfileBot
62	93d7de880c8da49fd93f605561db2e74394102c2	runner.ProfileBot
63	fe23352749138ef34d2292ccf0b2f3df6f8ac8e4	runner.ProfileBot
64	ac33bec1eb7d04a76fa33f1fb14638ee9a62536d	runner.ProfileBot
65	cb414aba1376be2acdac45e08eae7dcef6f42603	runner.RobotOptimus
66	cc74957ef3afa22a08ca29817978878a1c4546c8	runner.RobotOptimus
67	ea875e2605e5db5d3a3a398899b99e2744d9a9f1	runner.RobotOptimus
68	6a927b5e8334d150e9b34d97cc203459d87a1dc9	runner.JasmineBot
69	1882d084e2d8b25df654b939d2df12a849fcf38c	runner.JasmineBot
70	50b1e80c1501e0bda40f323bb5030189815c8e62	runner.RobotOptimus
71	abc04495939f9f7a5915255a0bc95d217da5f0ce	runner.RobotOptimus
72	632bc60baa3568e988204d551a1ed3b67f5d1fc8	runner.RobotOptimus
73	f5435b816c3f005cd97410dd3b7bd82111e10de7	runner.ProfileBot
74	fc61917b6db75b55f07c733662b386c0842494ec	runner.RobotOptimus
75	ecb4f6b5ea3bea5b5b3accaab523a496a0d0c6a1	runner.RobotOptimus
76	7a76bb30ab37017965c4a649395f5eb284e964af	runner.RobotOptimus
77	e822597ca7bfaecfd28afd22cbb5709b6698c486	runner.RobotOptimus
78	0446889432b1c4d21df012b37d83e7549b469f8e	runner.RobotOptimus
79	1b55d95249391e94e0c372132e771c3ffc5f9805	runner.RobotOptimus
80	9d1911f881c1e96859592f1626324808f4ba8e74	runner.RobotOptimus
81	d206bf8408a6d3a3a2b524008055dbf6f79ffc44	runner.RobotOptimus
82	6db496fef77ddc1f8b887e5b62ad87e527fc020b	runner.RobotOptimus
83	8e19cbcd9d2749b18dfb6cc09fbb1124070ee258	runner.RobotOptimus
84	8765c91502a8f54f862c8c629a0f4232d6e831ff	runner.RobotOptimus
85	9a59b180007cf2ae49a8c5f9db5e12bb0ee0726a	runner.RobotOptimus
86	11b392a5219318bc64cbc8b5a5ba6c72cc4ed3ae	runner.RobotOptimus
87	feda7c5fa79addb5b986e519981f46f3cedc049f	runner.RobotOptimus
88	a889782d417c2a280a2b2a60171680f3af1b81a4	runner.RobotOptimus
89	d8234b5378098d80159ff9490c7015da916cc911	runner.RobotOptimus
90	4dff9ac7979619bcee8280661f7f5cf15c9bb10f	runner.RobotOptimus
91	1eca9cb4221cf54781aab363818efae157f8ae3b	runner.RobotOptimus
92	6afb1b4a0637897693c43ae20826061f2046ac1f	runner.RobotOptimus
93	d1c37012e8e20bcc7e9b10b9b8789a9ccb3347ae	runner.RobotOptimus
94	4170248aae07a72e367b47daa15f2dfb09727a50	runner.RobotOptimus
95	2fc79e52cf9ba740b34f7834350702db018f46cb	runner.RobotOptimus
96	7a3638099e5a69efd9aaa08e4d0fc9596f3e0ba7	runner.RobotOptimus
97	38927cfa8fa4d35817083993a8e6c11db21e455e	runner.RobotOptimus
98	9dbdfbf0272c208d498f4e13634b8c497c096641	runner.RobotOptimus
99	2a613c28f98678c66086d27b00338135876c2618	runner.RobotOptimus
100	48f20068d2fc88284aeadb91eb5d213939442c47	runner.CopyDroid
101	66087778e2da5470c15256a2ea3f8e46281bce59	runner.XMLinator
102	401bb73d0b2ce3f46b642afd486126bde17d3ba6	runner.XMLinator
103	6677da497d6d22a2a6e812c46669ea9a127d8130	runner.Artifactor
104	d3704614762cd90f62a56401288d5e5fc13bcd8c	runner.Artifactor
105	c5edbc31f54a415f666bfe0eccca8f7819301e5e	runner.Artifactor
106	6748f3ea65874d3837c0cbccdf37693d33d02a9b	runner.ImporterX
107	b305fe1e69723699c0d6cbae6180bc5f2f83d4ff	runner.CopyDroid
108	caa2781dcb63efb7fe5020810fc010ce6edbce01	runner.Artifactor
109	74d790bcdeff9cf56e093a4d581a75f75b245d03	runner.TestoTron
110	c9f051bd3203b7931f19fec1351710c1fba65e6a	runner.Artifactor
111	2e7771ebf13a16ebcf3044f76c5198c043a31b5b	runner.Artifactor
112	32e6148ece6487d6a787d0eb1d95c88a3043e1b5	runner.XMLinator
113	556a28b22123242260006301d7e57ebcfac55d76	runner.Artifactor
114	fed07ced8f198f7f22e7199e94e43d6c3be06839	runner.TestoTron
115	42914d1d28fca65adef66e2814a20069e0a3f024	runner.CopyDroid
116	09d5dfb1b8e5604d94bd7e6ef1a959f2764aa649	runner.ImporterX
117	5fe237bce9b5baedd89c8b57db21a80ce0348dcb	runner.ImporterX
118	8157c9ba7acc97ad8853343f8bdf95ed1a1ac529	runner.ImporterX
119	6760a10e54d29b4660dd6a0e86e7a4e0e8836279	runner.Artifactor
120	5f27404a6a1993e656202eb69774eaf6ea1b552c	runner.TestoTron
121	b600c51f8c3d2027586bbeeb7a7988c719e0d2bf	runner.Artifactor
122	57b3bcd9768a5be6f8ebed702b6b34b6f3c6bb47	runner.ImporterX
123	e5e05e2146e19ccafe3c3fccada6f4b29ef096d9	runner.TestoTron
124	cd2725ded2fe688de8f3feb0584110da16866258	runner.Artifactor
125	f1eff86571e12fc9992b9b280bdce19e3b5aae11	runner.CopyDroid
126	fb874f06ed9d475cae12fb3f650e3734b05f3219	runner.Artifactor
127	043166257f5aafcf2f210e214dd70f5f80741d56	runner.ImporterX
128	2219f4f32e8cf54bdffe8f35c65f959c58305f5e	runner.Artifactor
129	177a41859387703914c050fedb695b60541210e6	runner.XMLinator
130	2839338fe9c869e303120455f3443070c82b3944	runner.Artifactor
131	3cc0ef73f3e53480c653193eee8e9aaea8865d26	runner.Artifactor
132	eb95bc957950cffeeba693f8a827beded1945b7d	runner.Artifactor
133	83980c70dc70c7101232f046a570635ee3cb2f85	runner.JesterUnit
134	f2739baaa8716290ef9af24ba1e6b998e01e529b	runner.ProfileBot
135	3858728b11e0e19b7a0e5d439bd0b7b559464327	runner.ProfileBot
136	6a47f0940816099d35b31b10c7770a2a83ae089b	runner.XMLinator
137	e1f352ae905f7820998f7230976a1dba0105bae9	runner.UnitJasBot
138	545dc1afab1e4a6797d36dd23a54b4a0c0a7f6d7	runner.ProfileBot
139	437ae7de41c8d570dbc37ed098b69f0da15077ac	runner.JesterUnit
140	7bbb824d06d4f165cfb17bae40abf2f7dfec78fd	runner.ProfileBot
141	86f3a68d144247812bf286f3cffafad09ca75792	runner.ProfileBot
142	ff5bd099a222d71d430316dab2eeef41b307141b	runner.ProfileBot
143	cd38615a1e60ff6dc55ce5138098c7b0695cca3a	runner.ProfileBot
144	a3aa86f8841937f4c9af634356a9ff55926ec313	runner.ProfileBot
145	313bb4f6338c7915b16207293525995ff6e23429	runner.ProfileBot
146	8c5e7b579caa73692f276a5ae96d4c57a013968d	runner.ProfileBot
147	4e512d5ca362ceacffd0a60085638b4ee1e19c1f	runner.ProfileBot
148	1bb96022cb481f67049923af56e01bbcb9b738c6	runner.ProfileBot
149	8915edfd57c522a0c8eb4ad4daf550067ea56cea	runner.ProfileBot
150	4a79ef0134c660e0e5db3b3c9bedb28dd6f0e915	runner.ProfileBot
151	1f8fac54c63eb3e0d13dcfc03377b656dbf426ec	runner.ProfileBot
152	ee8cadc271a7c58ac34d4f88bee8a510952d4f59	runner.ProfileBot
153	a45823f5b71cedccbd6b4b18feb4ee93d7fff05f	runner.ProfileBot
154	20152f75ade81107b4f2d9cc2d4ab66076414441	runner.ProfileBot
155	487ad3f76f4c821043071872fc48166d19d5edab	runner.ProfileBot
156	24a22955c15b673778f64ebeff109a1ddcc15fc2	runner.ProfileBot
157	744178bf9c7e14c048a6209179315711c38b721d	runner.ProfileBot
158	ae96e7c2f60be99ea4840e025b495dfc2fa7ff47	runner.ProfileBot
159	dfc0fb7b515a597e189b6022e671c05d1dfbfdc4	runner.ProfileBot
160	cda9954a2003362325098e7bf39c2fed08c84cde	runner.ProfileBot
161	9bfd4281108e9a8c2c1be1f5c47e62026c27346b	runner.ProfileBot
162	b7be6dc3dfdc382bc1efb553346fd4a480fa3d96	runner.ProfileBot
163	516656bfd211a4d3faf1b0910c0d9a808662a923	runner.ProfileBot
164	92c02758d3ea2b4a1ef70592a0878f1b5d588cf6	runner.ProfileBot
165	5ec4af01148096f2825209fa4280de035605722a	runner.ProfileBot
166	e543edae206e7619f0ffb0c891fad6f3c7bd882b	runner.ProfileBot
167	4a1d520c6fa2bd261937fea1433a4de3e0a1013f	runner.ProfileBot
168	8544d50242575c06f3fffd93ec0b1563bf064f65	runner.ProfileBot
169	9adacffd2817e98af9de5ea2adca5fd7ad99c03c	runner.ProfileBot
170	0e16039b0d7d5f9e2e24ee37a1a4df091b5a16d2	runner.ProfileBot
171	97f5c5849c21b437ef363f3ecd596547d652e76f	runner.ProfileBot
172	4df5b64cf4b552c5d8e5cd08561c62a5ae6b926f	runner.ProfileBot
173	b94e76099b23b1f2194367a08d6bc365ede2d323	runner.ProfileBot
174	bca7df6954b0f0e61ffaa2f60fb1082ccaa99725	runner.ProfileBot
175	68edd1b5baba33e5c318a34afb3bd1340c70d459	runner.ProfileBot
176	e1a663661ffe19514d96b52ac0f34af62c3c1d83	runner.BuildoPlane
177	cf70b0f5c298b3e158deb208b7503eb6f2d1c73a	runner.ProfileBot
178	3d0f4b0a2daa21b27449dd462c3dd64e6667f68c	runner.ProfileBot
179	978c156e000dcd8ca87430581423fd6ef5054dc8	runner.ProfileBot
180	19b75cb11d75024cf3ff48cc0eb9076eead66cec	runner.ProfileBot
181	706e55c906ed6f7d59865ceae31aa345969bd9f3	runner.ProfileBot
182	3528450125b0900a063798c186e566c2a540eb01	runner.ProfileBot
183	68c089564af941e0fe4cf89c7e1eb9c49a445334	runner.ProfileBot
184	8c3b28e2faf42b571ed802d1da683f9c8a4484c5	runner.ProfileBot
185	851fa05d3915f6d54870cee6ed8e76b1619ef4fa	runner.ProfileBot
186	db95fe183350a419a6bcd12fad30aeb9cfee4524	runner.ProfileBot
187	fcb04fb4e94f526702d872f007dd8f9099f5daf6	runner.ProfileBot
188	4fd2b12e3effcf071175e7f52e6e576cfff74c3a	runner.ProfileBot
189	af4f03879db0894092aeaf321be4513fba26acda	runner.ProfileBot
190	f39835f33b6750aca3941b0a249af2dd55343625	runner.ProfileBot
191	4aca1102cb1b4b0a1947be1f8157189e090ae508	runner.ProfileBot
192	7ed19def75df62a5b7b83f6719a12efec3e49455	runner.ProfileBot
193	ecea9db510112dcff754c2bf659c00854de551ad	runner.Simulatrix
194	7e72bc3d8a3061e905c7c867c2d121689e4133ce	runner.ProfileBot
195	b3f6ca8acee051c471a7291551dd8de7946cce48	runner.ProfileBot
196	ac2268e4754a9724d4f25614ef16e3611841e567	runner.ProfileBot
197	23bfbc675c964c76ea0c2d91b7d9ba29140edba6	runner.ProfileBot
198	5faec0740052e305a763bf6c4ecf114dd025b771	runner.ProfileBot
199	7ec172f81e7e7b00cc0c7c01534394620c9b27b1	runner.ProfileBot
200	e4aa8a290b1c0d3d749f404c1ed37b029bdd8ab1	runner.LogiCopy
201	5646c41e0d66f57c0798633e05de50c8d2d4335e	runner.TestoTron
202	9d9e66cbb61f4f2adf5cd500d934de97828039a5	runner.Artifactor
203	49a696f7982edc90e281597b2c00867165c32fa2	runner.XMLinator
204	ca92b69ee95b22653c95fa3c80533c6db1fd9dce	runner.LogiCopy
205	0678c47bf11a8498ddffc7fce23f037a0a4b03ee	runner.XMLinator
206	e0edd37c1d334654b33101d9b9c6e0adc61f368e	runner.TestoTron
207	19562ee4436c3bcadc4197ef3a179dac92bad782	runner.TestoTron
208	29c40daae49ef4b44ecbe661c763144cd75d08ad	runner.TestoTron
209	eb4292ed841f17736bb6134e2b6bce4c87fd763c	runner.Artifactor
210	f3c35b7ed9abefddcf441d2fc2851aefc6212de3	runner.XMLinator
211	2ee39595000cbefbd8aafe0deb662585e5c7fea0	runner.CaseGenie
212	247b6d6e8dcbf70e102c3506ce6cae767ac99cc7	runner.CaseGenie
213	686f3dbb7f113395ece5b7c26d8cac669a8e8150	runner.XMLinator
214	100716ae3408aa1db4673fa09431cacff9e9ad07	runner.TestoTron
215	4d4c2a1be0c2864af55aef604ef85f848eadf482	runner.TestoTron
216	f8c2b94759cd46490b20c638dc156885da79eeaa	runner.CaseGenie
217	91021c614b00ff413e894247b566b6c3146435c0	runner.Artifactor
218	4d4492fa04181a887acfcbbc268836e0840b5fe6	runner.Artifactor
219	eb53137584c77459465e8f6eb2395f0457522615	runner.CaseGenie
220	51748f6c869dbf9ba0a6a89409d3a49a4cdca6ac	runner.Artifactor
221	bcac6e5aaa91966da9ee43f8172c588880229d14	runner.CaseGenie
222	3128ee0aaf9307f706284a8ac80cc01d5a317994	runner.CaseGenie
223	d41a15a8e7ef8597916c1f90d3d5cbcbdc9f794f	runner.CaseGenie
224	9d0ce38efcfb9dfc3564955763321ac1e29fb19c	runner.CaseGenie
225	061eee7ba0fecd4969336fe72188dcb59c067d0a	runner.CaseGenie
226	df4edea12040e563c1137a633ad838c94ffa364b	runner.Artifactor
227	36475bc140e76f428e320b790055ba313854d45a	runner.CaseGenie
228	9475e328eeb18a78a08fb8832dfd1919f2d3824e	runner.XMLinator
229	aaed1a717581309f1e2f836293c47f65d4cb42cb	runner.XMLinator
230	c3b21626ffc62762d097068b90051d6f204d2625	runner.CaseGenie
231	968092f9a3c21a598cfa0c358f9eda9fed39110f	runner.XMLinator
232	98c79891b175a3f51604890a367cb1e5cfc7a989	runner.XMLinator
233	52366e1a26bba078abd9d90623237b4ccdbd389a	runner.XMLinator
234	7751c682037de0a4e0fbba5ef843477ef2ab2d0c	runner.XMLinator
235	e064404c495d29943b9a123cef760480051eab38	runner.XMLinator
236	92feb068653d7701541dfb57708bd94953f35804	runner.ImporterX
237	c90cafc64355e58a75a0a090e6bbc0d3ece106ed	runner.ImporterX
238	e650aea4cc4d3692d774f2a87902b082a23719ed	runner.Artifactor
239	1dca1d9e00207046c7ed792e8c720284a2630105	runner.Artifactor
240	67133555c622531a4a869d18bb9bbe8b08a52f56	runner.CaseGenie
241	3a951fb7ec9ce37a3c1d5b21af442f2cd3b207b7	runner.XMLinator
242	d937debcad5617dc9c4d14d274b086ea7d931951	runner.Artifactor
243	1a402fe36da1d8743426bc3ec9e99b559a50afa7	runner.Artifactor
244	b0e51a8af78c5ea13eeef2d33ae6023a5a2e7614	runner.XMLinator
245	c26981a3539b409a185e8bbc9e76f8fe73761bb8	runner.IntegronBot
246	1398c90904b13ba66785ca3b41e5722238e1748b	runner.XMLinator
247	32464ba11bcc6e5bfb9be2abc5f694a03d8462e7	runner.JesterUnit
248	a5c0526b5a800adf3b921715dd52237ae2fb7e2a	runner.ProfileBot
249	65ca4af91e086036c5b491db655bd5c1be4622c5	runner.BuildoPlane
250	eaf8e63f8709f2ed5ff05ea83ab9a0083729e32b	runner.ProfileBot
251	41d02fec2b3f3d9fefe80c5699855818afb12fcb	runner.IntegronBot
252	6c220169506f09b25a6734b951162cd104a9a617	runner.IntegronBot
253	30fd7d9a3f935c4838f7026ab1f8540a1ec364c2	runner.ProfileBot
254	081e36ea36ebf80a60cedd90c0151eda2d770295	runner.ProfileBot
255	e864d0f77be2c87c752e4238dff71ce6ec109915	runner.IntegronBot
256	32ac47a3e09a6b0e6e5908e85ecd63cf5e0dde64	runner.IntegronBot
257	e3efbcb7e03ce89253195c059a84674203c58aeb	runner.HappyBot
258	eac8187198c454a9d50332d455c10bb5ca0e407f	runner.ProfileBot
259	cc2820d15c429a3bf92233c5bd648a08e6445798	runner.ProfileBot
260	de2435f22e22d751bb42c1852995bb83457b74dd	runner.BuildoPlane
261	d3818256a02ef963a9ca7235da487ac3c49a19ff	runner.ProfileBot
262	2ff41b2e3def10dfba0c67f9b84ae54468037e14	runner.TestRunner3000
263	a7ff83646578d5d72a6e9bda78326d2eb95424c4	runner.Simulatrix
264	ea6432e39235fd6bc583851dab14e77583e3a5c9	runner.TestRunner3000
265	290aaeffa7dc11e2142e216dce342bb67324cc37	runner.TestRunner3000
266	2b0692dd1aa785276f84107742705a9f0bc8c883	runner.RobotOptimus
267	e963726283510a8e3b7f2990525226b52addb276	runner.RobotOptimus
268	73792fb23cd7ba93da60be61fcc7548e8c1f8d6e	runner.RobotOptimus
269	6b3cc2b067126ac55530ee674d04844bcc4e6050	runner.RopeWalker
270	a73d86b315a6a3d53f6943ad469f1f7d9a23c664	runner.TestRunner3000
271	98572ada0ce65fae70ff4897d1a3acde38ff934d	runner.TestRunner3000
272	347cffcb2bd1e15600d790139bea0d5907d996a8	runner.TestRunner3000
273	a6399d184fee878fb32d8aa71d176eb8373a5f07	runner.TestRunner3000
274	6badeb43707a9839627230b4dbfe090818d28777	runner.TestRunner3000
275	406b3b12e02caa6dd296b3841d5eb714ab70b644	runner.TestRunner3000
276	fbb80fa27025d6ff3be3e620d802485d1bcd6048	runner.TestRunner3000
277	5630dcb434d6147c521089638588b9f871569bb0	runner.TestRunner3000
278	1d3109e51b46e267135040b2d9f8873f80d55fe1	runner.TestRunner3000
279	0c82de36103fc906c7de20b43bbf7e439a757161	runner.TestRunner3000
280	fbb55c19a9ca35c26990509f00716684add7ac61	runner.TestRunner3000
281	d38e6c579e9c4b1829eb7cd6df9cf23dfe3f5a40	runner.TestRunner3000
282	aac5304534b62c20122aa17c9a13eb20b0c7d2cb	runner.TestRunner3000
283	da36677206165538611fa79ce2dfdc3df751753a	runner.TestRunner3000
284	8ff351237c411ef3862c4866ee0ee6daf043f259	runner.TestRunner3000
285	77b04aac7ff9d292ffe11a28fc0373629a8fa5ee	runner.TestRunner3000
286	29e784623450a376e86d95506a3e8a2814258b9b	runner.TestRunner3000
287	f031ff935b8f9c662f386dd98e27812b885d4d75	runner.TestRunner3000
288	3b0c8a2dfad8d63258a9b08631b55bdeccc0a688	runner.TestRunner3000
289	69fe940599b7601b724bd317e74d5e260cf652ea	runner.TestRunner3000
290	8e9078de21af749d27273255d7f390e536b44deb	runner.TestRunner3000
291	c350c5a5a770ccadf7fdea101d956d916494c2b2	runner.TestRunner3000
292	ee406b811070c6f1d93e8ba3b22f8a4fa41a3742	runner.TestRunner3000
293	46a6e134e22eaceb4773084b76e85ece7050b501	runner.TestRunner3000
294	194321261dc8fc386bbc9b1350ce67aec127b93f	runner.TestRunner3000
295	9a08c715d510ea8ecaace382410c4730daadafd1	runner.TestRunner3000
296	e6b0f2852ee80d30a89bb06866447c06c5b02d57	runner.TestRunner3000
297	53971c07f21be12455c1f2d9a4da9142caafe948	runner.TestRunner3000
298	c6aed1828e254a41bb1a50f4e41a008a97aba408	runner.TestRunner3000
299	e9ee6949969eea9555e0e420aa7c7c51a938a818	runner.JasmineBot
300	0a9e00fc60618b7f4a825c56510fd97cd39b9c95	runner.TestRunner3000
301	862b87364ebdbc34a9008099ece3cb58a62f443b	runner.TestRunner3000
302	d5268eea7187026f4bba23bf15701086faa30c52	runner.TestRunner3000
303	53b0f0c5365c6c0c0e330504b69913fba494015a	runner.TestRunner3000
304	71eae3aa98c7f1578c5cc2404f6aaba7197c5a15	runner.TestRunner3000
305	f597acc41e823364e15c5b5f6c0760b1040a6a1f	runner.TestRunner3000
306	c98751e0bdd1319fa24f8bb96452c8f9f92cf0d0	runner.TestRunner3000
307	0e5dd68de03a3fddf2d71bd9b3bcca747ea038db	runner.TestRunner3000
308	09594d94a3579309ffedc94d389890064b185f1a	runner.TestRunner3000
309	691d2686df9e523d666712d3dc7ece37531bb591	runner.TestRunner3000
310	60c92290ad25ed40eeee810e5f89ed4bf7197937	runner.TestRunner3000
311	9db8ca15152675f5534508b7fa4c8f7c33574633	runner.TestRunner3000
312	f00f1db7fbbc517b2f9b45fc596487ab1cfbb9ae	runner.TestRunner3000
313	6595cfb63a88109457f1a9282a02e61e1f84bb03	runner.TestRunner3000
314	3adf1e119152ff69fec55a2fc0fd329f2d91e061	runner.TestRunner3000
315	186ba882f04574a4e8c1dbe387102a6d160d753b	runner.TestRunner3000
316	fa0708bc21fa230f1b413be72e13964d928b73ad	runner.TestRunner3000
317	05cde8e8e4042d0eb3afa5ac8dfc3891a0c6b0b8	runner.TestRunner3000
318	0e48d03e8e53a6ed85c839042f1eaec4be15a1fb	runner.TestRunner3000
319	30b486e1987bb4fbf852323fea75e43ea8ee22fc	runner.TestRunner3000
320	023777a052e2fdf4f222b4e5783d530929b8445a	runner.TestRunner3000
321	32129eac4f50ca5823bb110fbecb532b310d0954	runner.TestRunner3000
322	4d00ca6de249aa53bb9a9d2267b606bba32b74b8	runner.TestRunner3000
323	56f69707c16d002209e2e4a4955ad912e4fa57a1	runner.TestRunner3000
324	b742fa4ca285af611afa2cb2597ebc076234d4e5	runner.TestRunner3000
325	88f10ebe526dddf1cf5947fa9e9a7f5e156bae4a	runner.TestRunner3000
326	2abfb4859114cca2f97aa7f04e63817bad9daddb	runner.TestRunner3000
327	7ac006419cbf77a61388837d50d01c7675ce8b1d	runner.TestRunner3000
328	2db91a9a154b7c154ac184309aa32778ddc5a524	runner.TestRunner3000
329	5a7a9a66e794cc0a3adeea179f157b5c4fa59a31	runner.TestRunner3000
330	096cc70c08a29f4e211fedda3a96f4bb2633df61	runner.TestRunner3000
331	7828f61a096d76c790e1c61de528706ae8c98726	runner.TestRunner3000
332	0b5ed0a6c66f3fc24fcf4ff528b79a1b43946b2d	runner.TestRunner3000
333	edbf3a4e797e7158ed52afe2f1dd2b2041fcfe3f	runner.TestRunner3000
334	cc5ebd071e5a25bddf6cedd64a42bb534d22b9c6	runner.TestRunner3000
335	956f83cfa88ecfa18de8020e92cbf1da3689c59f	runner.TestRunner3000
336	1a31e587d21217e19640bdcfa56b251510e0976d	runner.TestRunner3000
337	c8e3a9eeeb8bea13a5347116031b4d43c8120f0f	runner.TestRunner3000
338	e905de22ef473404660b7f6f474b148ebdfc6388	runner.TestRunner3000
339	68ef57342d3e23b8ea7d075f5cc3affe43d01b24	runner.TestRunner3000
340	735550e1ad773db400122692000b3b5912e479ff	runner.TestRunner3000
341	b29fd32c969078e98afbcf9099a9123006f4ed7c	runner.TestRunner3000
342	1d53691d6eb5f5035a053a9a60ed53c96bcfc9ba	runner.TestRunner3000
343	d095c26e891e5d5a41ba38db24047abcd1d8c231	runner.TestRunner3000
344	3c3fbe1d3358e542f1f661ba5fa25b010aea974d	runner.TestRunner3000
345	a9c8cef5118695f5f0391542f10522c50be47f3f	runner.TestRunner3000
346	f7affd949c656fa3d53b72388650b6b46280fa8e	runner.TestRunner3000
347	5ed28cf4250cd84d0747dc654377ad79173f36da	runner.TestRunner3000
348	a61925070440ef713f2caf8585f3b4f4e6cf0fc4	runner.TestRunner3000
349	c5b0469bcca1ccf84d2b9ec3c355987d577d6d14	runner.TestRunner3000
350	e484c79ec570899ab067f87e926ea9d737d7a517	runner.TestRunner3000
351	d2bd54742889c47406fc090d5043c95ee28a09ab	runner.TestRunner3000
352	5a9b1045fdc6322b41e6ad8dc0f424b1a37f7ffb	runner.TestRunner3000
353	b24c591f6a3b553443b652c6e519289f7e4f604d	runner.TestRunner3000
354	3cc059f3e6a2949deb9e0038a669ac71b558ca85	runner.TestRunner3000
355	c35364bc47812a7a4f1bd06f704066d56d9e2a19	runner.TestRunner3000
356	897c01d00669f5fa99a8bf7789e8a2b9d31972f2	runner.TestRunner3000
357	148f71bc6940dc95d24e93f9dd6a9bfecc786a08	runner.TestRunner3000
358	82fdc290a5a52ee8cd1ad3ad9db58ead380911b8	runner.TestRunner3000
359	7160edd60985a963ecc11a95c7c0171d15ca2845	runner.JasmineBot
360	e1d0fc285412778a7af9ccc8a7233a99bef00f6b	runner.PMUTBot
361	f01460364c6f43bae6b4f0b729d12932873ee154	runner.PMUTBot
362	87ec752b41a8c0cc5295d99ddb8a9a2d12fed6fc	runner.PMUTBot
363	ed9df0214bf9ed9d221eafe49140c9d32618a26c	runner.PMUTBot
364	2df800dab51f982cef40b790c02b115007f125f5	runner.PMUTBot
365	34d39c0262c5b5de74d75a0a482609cbb6d87c0b	runner.PMUTBot
366	cde126651a583ed0a5fdd73c9e1601245f5b32d2	runner.PMUTBot
367	99a5caebe5a45ac19dd9184ef3aa2ef41d0e404f	runner.PMUTBot
368	2ab204b472ce44102fd8e5bc31b7484905bc9066	runner.PMUTBot
369	b84012122d17337e0b9a912785878891117902d7	runner.PMUTBot
370	2c5ea9bb99e47639f2c4ecf08b5b75883c488ed9	runner.PMUTBot
371	7dba066df7f3f6299285de4b1d0d7dc842adfba5	runner.PMUTBot
372	192cb42e73cece45acc142a7d062b38bf3ee14a2	runner.PMUTBot
373	4507125cf1a0ffdba70ed860ac33576babb19674	runner.PMUTBot
374	0b4544575e7d5096ad00e4b9d960a29f36fff675	runner.PMUTBot
375	60f0ea504c85a7e071c7721583a23ae14f2a61f1	runner.PMUTBot
376	184836b2affd7b176394d1daf5ec52e90c09cad5	runner.PMUTBot
377	8cb51a49da7945181ed3ac2732a79e42b5b6fcca	runner.PMUTBot
378	2e882701bbc23c3eb3a32cbecacbe17eb5cb0088	runner.PMUTBot
379	06c197dadf6101085019099ab92d507c46e3e196	runner.PMUTBot
380	64442c59f6ed764e8ae0e5dc46721a81a5a528bc	runner.PMUTBot
381	5afb2fcb754cd5011b1400ec12b7dba077298e28	runner.PMUTBot
382	8aa33fa17b4e2eddec7e7a408083be3a12177e38	runner.PMUTBot
383	c08ad26d5ecaf42868c5a179864150312c6df6cc	runner.PMUTBot
384	5a98d38914bec8778c4064f722ac47542eda5e32	runner.PMUTBot
385	f4e71cef74e48ae557cf47093486caa0cee66146	runner.PMUTBot
386	5559e062e7b55dfba05a42304ea891f6b8a89b3c	runner.PMUTBot
387	d9fbe0b7e8f5de3262e1dad22516dd22933a81c5	runner.PMUTBot
388	c6e7214a3b398298d1776500be5a69e92c143d9f	runner.PMUTBot
389	41bdfe1069f313c63e5900ccaf5c1009683ec2d5	runner.PMUTBot
390	c27522f5e2f691167eb461c409cd1cdcc09e61a1	runner.PMUTBot
391	df258742af743b7d30ce6b13996098e382b3b9d7	runner.PMUTBot
392	e9dba5e9a05e840175f4f6d29b320c50a9851233	runner.PMUTBot
393	b2c1db3e8708ec2ce956162a2f03a1a02b0c5455	runner.PMUTBot
394	4557cb5ffa398c0e33afd0e32311e7dd84f667e2	runner.PMUTBot
395	74ec63f82d4045a2b29cf857000a115a10d9636a	runner.PMUTBot
396	4994091cb8fe9e81de1682b0aeb05d57d21c0493	runner.PMUTBot
397	99e245de43486f0dfb343bc1b24592259c5bc55e	runner.PMUTBot
398	011deff3d6bcd2f84d0cdaeccedc22d1abdbe9d4	runner.PMUTBot
399	6962a1f2c702da31d37c2db2db0354cf598d3129	runner.PMUTBot
400	5ffb02b2743add396c6746f69388c3f57f9a7785	runner.PMUTBot
401	d815e54804d2b2282e6c0810abf8f35f82a0ceaa	runner.PMUTBot
402	80a91544967694fdf4267fbe9eba63ba4a6a4fb6	runner.PMUTBot
403	f4c3ef7e51476c290f557e8687b53bc53c05a2e6	runner.PMUTBot
404	c3a8e031d21ffaef2a49f3122f80ef6da2fb5a51	runner.PMUTBot
405	db102c6ab6df4d268b4f89fd136a0ffa0b064e45	runner.PMUTBot
406	a6ffc40fdc1f2a9e032c1d80baafab76f89facf1	runner.PMUTBot
407	c169dcdc58f8c4c60952b5803cf5a5a010ec7bb7	runner.PMUTBot
408	7a5a0ac2231482bb832b3205a3519369f7663444	runner.PMUTBot
409	01ae53a47f609c364a0b862fe5b3893ace7f5dd3	runner.PMUTBot
410	f349caac3be14a4a7fab0d974252ef10b15f1397	runner.PMUTBot
411	9d1965add0e290aa347daeef61cd9b5353266a64	runner.PMUTBot
412	28e40d5925dd1491afd45a43e2bb928480c3a028	runner.PMUTBot
413	336bb76a093c8355f36a6992b1e3f20c6d390630	runner.PMUTBot
414	b58a683ae4b36ca8d51e89e01e482ea44cfcadcb	runner.PMUTBot
415	086e04c6027dc0efb94aa4c778ba178217bb9f0c	runner.PMUTBot
416	f6f81265dc9c74c2cdc09ec9c578847c83b69d7f	runner.PMUTBot
417	84b809ccb0a3fcbcf44ee1379722f551aebc8f8e	runner.PMUTBot
418	22c1ab7774d101ce62d4a4654f338b01647490f2	runner.PMUTBot
419	6a99dba670fe24e42cbc8f7c4c8fb21970818697	runner.PMUTBot
420	0147eed9c736925d2fc59a7a2b13c29c848209be	runner.PMUTBot
421	819c75ffd382a86f2bb48645797e12c441f9a1c8	runner.PMUTBot
422	4efcb2b3a61fefff96d6323e2ffcd8df5728c37c	runner.PMUTBot
423	47b4dc6d4922dca1dbbd7c394f17853a340bd89d	runner.PMUTBot
424	6b62c27784247447bb281ff1ed2e40785e73518a	runner.PMUTBot
425	7b2a78256ba4f32b5e10cad1282657ce65b2aed2	runner.PMUTBot
426	acef39f26b59cd3d75c8547d8393436bef2de77b	runner.PMUTBot
427	c83a9bba3c9bcb48faf99871372fe619ef0eb08a	runner.PMUTBot
428	a0beed0a441dd52376968777119af2cba2519403	runner.PMUTBot
429	282a9092d30f6eeab585b1dd71854569d4166fc6	runner.PMUTBot
430	111b555c8d525d8c5e69f96e59944a9e8c3da4c6	runner.PMUTBot
431	bbb4a01d0fefe6d4f224a3f3fbaae5d3432e1df0	runner.PMUTBot
432	9698ff76a229452dd3bfc511d557e178c7e4c7a2	runner.PMUTBot
433	d2d3864d4766907adeb200731a350e04cbec8aa3	runner.PMUTBot
434	5e4aba7e18a32838b357995ef9383446d6f1a4f0	runner.PMUTBot
435	f4006a735fa4c9acf74e06cc3d5aa024880817e9	runner.PMUTBot
436	cdcb56e3da8f7286ee2fd40086854c57ccf4425a	runner.PMUTBot
437	425f81720859d8abb930f544a482678b39f59bfd	runner.PMUTBot
438	6dc73fb36a3f08b2b621bbf74d78d9f937ff0085	runner.PMUTBot
439	463ba343a5622876fc9fdc5c414fabe2c79e4d69	runner.PMUTBot
440	b6bdd10fd3ddcf2555ddc483ab61636fea69aaca	runner.PMUTBot
441	3202b943e874e4b09aa86a2e46942a6c2b66f45a	runner.PMUTBot
442	3eed4ecd93b5266a6278cef191a57cf737d71bdf	runner.JasmineBot
443	19bfeb4995962586c7fddb726cf19aa8487595c5	runner.PMUTBot
444	0af09996423309667f33d34e4df26af6734b3864	runner.PMUTBot
445	65154518c25ff68255d362b0f7a471ad83d15cf0	runner.PMUTBot
446	7217e16b61ae6fcf58d37a7b70f7ac68f52616b9	runner.PMUTBot
447	feb9eedfa0bceb32b27eb9b95e67694b49307026	runner.PMUTBot
448	5573d8b60acba0a56350069d107cd357fc81256a	runner.PMUTBot
449	20b4c0c122591ce59554721722ec7c629d8f68de	runner.PMUTBot
450	bc8cacff6a6dcd0e554a069e04a31fe8ac1a28f8	runner.PMUTBot
451	58d7ccaaa0adaa604e15c791e6aba209bbc62237	runner.PMUTBot
452	4230ebb7e30aa37081998bcd8903eda30f6aad7a	runner.PMUTBot
453	e21faa07f56558ae14a4a43c21a57bf26cd4fc47	runner.PMUTBot
454	311a5b5688987b371a871210e78b979746d6ba70	runner.PMUTBot
455	79d964f9964ced1a632b010f8b3c1b1749e24ada	runner.PMUTBot
456	56c7ad68424bc819475a76d0016abff496f2849f	runner.PMUTBot
457	454511e76b0bbf9cd6a1a5e26fb67c991c625e7c	runner.PMUTBot
458	350236f3afda5da543a49078c954195ecd0f2a9d	runner.PMUTBot
459	37e07df5dcafd531059ebb9528a3755b0b5c7268	runner.PMUTBot
460	8a239c4c800ddbc17dc4d0c30b9edcf903919215	runner.PMUTBot
461	4646182d9ef1b8bb0abf34524ba668d31e572dec	runner.PMUTBot
462	b511892f177c4ba5e0655a8043bdc814b5eb3e32	runner.PMUTBot
463	43cfa19d890a73e14298a661e2b99bbaf61314fc	runner.PMUTBot
464	eb93aa51ad087cad737029359f0c5f4f994b5321	runner.PMUTBot
465	86321207fac1b9990ff1aebb73102e48fcbca91b	runner.PMUTBot
466	938282e22d50c40273f0613dbcce6cec01900b24	runner.PMUTBot
467	e5608c060b12f6e3a608ba13bf01f5e59ff6b5b1	runner.PMUTBot
468	c67ecbc7a8d6e1ac3634609c5b8d15e067f365e9	runner.PMUTBot
469	e90e42bcaf604ed8fd64bd06e010180ca90d3bc6	runner.PMUTBot
470	eb782d22755205e4f0feb550b54a8953f315dd2c	runner.PMUTBot
471	5e94df6213a27e14b5e8796f0dbe6736389fb7f2	runner.PMUTBot
472	2c4a2dcc439cfa053d1add974f66442284e930de	runner.PMUTBot
473	fcedd19c34ae1889503169d6247ae34ad8fdc2eb	runner.PMUTBot
474	fa78996d22f079ff5f9415e153ac05c88cf54655	runner.PMUTBot
475	e0ecf7d2d8e6b8f4a98632e3794a8ed8fa351f4c	runner.PMUTBot
476	e9389e71102a9697a4294c4acf701eb678ba700e	runner.PMUTBot
477	b361dee8dfe27cb51656f9c50347f2ba599686de	runner.PMUTBot
478	f3b516ba2afc1ecca8774d2bfda57c08c170d325	runner.PMUTBot
479	4bb246303300527631e7b00ef16a6f260a3969ac	runner.PMUTBot
480	df20e263e824693497f25f57b66a6e7792bc69b6	runner.PMUTBot
481	15fc0e49551ea656c0b9fee3d171d0fbe2b415b0	runner.PMUTBot
482	d19ed544da7d058f14ec0156d1251ddfb3512826	runner.PMUTBot
483	194d200c6df5c499c15b97c03ac90323c48a8029	runner.PMUTBot
484	19d5921256db4958601bbf7f0cfaa98d3add7181	runner.PMUTBot
485	0e62117215beb2032bafc7101f6ff5ecab762e21	runner.PMUTBot
486	7e5148fd5b8166ba7e6b5475842cb6e16f33a32b	runner.PMUTBot
487	6963a640a542f410b94290f2ffbe2e8b73fd5646	runner.PMUTBot
488	3fbc60de366791e2797dfcff5990ed7e22747e4b	runner.PMUTBot
489	055f27027450aae7dee028bd9a21b7574f7909f2	runner.PMUTBot
490	93363b105626b52b1324f4c893b37b4e66f000d6	runner.PMUTBot
491	c46b3ae8de751d00e1fd343d65c6aa181faf7de2	runner.PMUTBot
492	d02eac2c4d9f290a5d46948ccbdeed71e5cdcada	runner.PMUTBot
493	470c2c623ce4c53a6756da64dcffb2396f416998	runner.PMUTBot
494	72049f582ddef16be8ab8589593a49623456dca5	runner.PMUTBot
495	099b7a7a4ea7ad4dc6aabd88ee8638ef8e815df7	runner.PMUTBot
496	2b77fb06a5324820cc01c2d53bc69b6da924391e	runner.PMUTBot
497	8ab3a281e1ed01b7cd354001d0fb2c0d5cf41ed8	runner.PMUTBot
498	679a123d81132d21618675ce8349cbae190ca3d3	runner.PMUTBot
499	5ebb5673bca2071442ec2aca96a200e8dd797997	runner.PMUTBot
500	faec0deb778c4e6bb33a46bb16ce86e32c533989	runner.PMUTBot
501	e1e44d5a71a94bc3fc09fedf75b59980041926ea	runner.PMUTBot
502	b268c094e33ce4f254defbe2cdf41a39a91fbdc8	runner.PMUTBot
503	13874075c61aeeb9e2bd571b8e3503b9bbe99e34	runner.PMUTBot
504	eca2e3be03aa747ab3128d887357f506d4cf7dfd	runner.PMUTBot
505	31884b2553a00a6f16394f94f1d20ea9fc2f9769	runner.PMUTBot
506	0d7ec81c5e22cebf798c82bd17acf9a2cb9abf30	runner.PMUTBot
507	72c35fca9d71cd8b5e770208c5cf634bf46e26ce	runner.PMUTBot
508	000dd4204d0d5d892dce3a7ee276f689db7d7a60	runner.PMUTBot
509	ca8650486a9043f89df809413f33ddd6615112c6	runner.PMUTBot
510	ba893ae9b4e0945b1a2932f84caf95d906cab293	runner.PMUTBot
511	bfb91a3472d2f8875142659391dbb7ce48999650	runner.PMUTBot
512	f9fed85c424e3493b020709598c49d0cc064eb03	runner.PMUTBot
513	5296dab502b367a12aad02845830d7c6c73f6644	runner.PMUTBot
514	b4a8760086e718e0a6e17a622b66304d49a0060f	runner.PMUTBot
515	d851a06a031719713860e30f87176c997f9d78ae	runner.PMUTBot
516	43ce82992939e2a41e38f426f9a5228beba76134	runner.PMUTBot
517	cbf387d257e76ee015047fecdd8f5c547308f215	runner.PMUTBot
518	8aa7e635aa7c0698f9f7b0e9600834315069547e	runner.PMUTBot
519	4b909382e377d2245c734581b39e5c2956d71711	runner.PMUTBot
520	7ca0a76c5116ab05a0ef2079bdd3bf161c4995e2	runner.PMUTBot
521	6f2209beded71399813604566bc93e3a4460c8dc	runner.PMUTBot
522	8eabfff6d55437f5fc96bad9480b053e1ee0a11f	runner.PMUTBot
523	31480814d2f70791761dd495f860f9a8bc229dc1	runner.PMUTBot
524	ce4449c7e31d9a1025a82ac70d454f892cd7c8e5	runner.PMUTBot
525	a3989ac1bfa12048885129970b1532dd41695d10	runner.PMUTBot
526	d6bb24b7eed4726e6d42a52bcacf060d132df0d0	runner.PMUTBot
527	cb79ad5c27627262ae1ab167cc1f3523cfa8ad3d	runner.PMUTBot
528	483226a59124720591947537f33527ef66beae78	runner.PMUTBot
529	7327949d3aa7da226d6e05d5b720b025fd57f1a4	runner.PMUTBot
530	5206c1500f2e537d0c2abf486dc71970a737021c	runner.PMUTBot
531	cea2291fe4e82bd5ce2b3a7548cbfeeebbc5eda5	runner.PMUTBot
532	c2a9c42a138d60e00a115169ae7b01a206726e82	runner.PMUTBot
533	ece9bdf665b1134b02206e97a4b6409a67a72d1e	runner.PMUTBot
534	bc7e54d006c08ef5703c9c17aefb0e81c4ce0885	runner.PMUTBot
535	85e9d7edd41f9ca3ffd08d4d4343aeecdf8723de	runner.PMUTBot
536	1896bad522a63695a3c08c4c250a44cd8e151949	runner.PMUTBot
537	057df67d4e4fe5a8addf993969f987840f06daf9	runner.PMUTBot
538	c6c51300107a94309aac5c3a71843daeed93a4a8	runner.PMUTBot
539	60fcc4ba722602c1e864dce4e4c166029bbc8afc	runner.PMUTBot
540	c6245c2a330595f2020ca596d3040b8b217d514d	runner.PMUTBot
541	ba80795934782e405ccc40344526006a450b913b	runner.PMUTBot
542	a4103a29452a8c566cd8c83c6d8d51b457b36852	runner.PMUTBot
543	79d72f043a3f605177307dcb3bc55b2820f2be4d	runner.PMUTBot
544	64fa59246810600f41edb2db346f8b00f49e3416	runner.PMUTBot
545	dabed08dc583a1030d52f7936b5646a3dead9f5c	runner.PMUTBot
546	adc1128f4c8801be84f315bfe0f9e2d3c4545f1e	runner.PMUTBot
547	e59dfc83e64f1811df560911488f9941d18bc472	runner.PMUTBot
548	71034fb84442dfb810714ff492fabad1f4bdb0f2	runner.PMUTBot
549	666375eb3d78d667e2d97c1105e21d0764c812e9	runner.PMUTBot
550	15bb3ba15c6fe6cb59196f49768dc63c7c537294	runner.PMUTBot
551	384c3c516e878bca3f035d2503bcb499772b8e4b	runner.PMUTBot
552	19e33de0da9eef0d9ec5a31dac8676623e6811d7	runner.PMUTBot
553	027e71bac3b35d386f525b1b2af1320bb134dc7b	runner.PMUTBot
554	76d67ef0d89232fde3c19dc70f4792fcd7cfcd41	runner.PMUTBot
555	912223ec50d981ee3dd9fc8497c6e11fae081bfa	runner.PMUTBot
556	61659b8952eaa191dfd05f699f623beefc34b04f	runner.PMUTBot
557	af006aa935faf1861e50c748d1e6daf8e740f32a	runner.PMUTBot
558	8b38ab8fbb212549f6fe5205de5c8b20635e2f2e	runner.PMUTBot
559	c200bf08147bf16fc04063f0c0d0bee2858d4190	runner.PMUTBot
560	f72980bc9682c7493e7f7c169dd7a1664f5df110	runner.PMUTBot
561	55321f718f86a55b8e10c763db518cab6a4d6a0e	runner.PMUTBot
562	244f39303c2a13ae83c3c2923fcb476507aea810	runner.PMUTBot
563	1d54881a181d02099a78fb5a380536fa9bfb7058	runner.PMUTBot
564	6762ebb22f053096831cf96b2b97072451b6e64e	runner.PMUTBot
565	9e340d8521b31bbe73cccb35d4e10fbd83499002	runner.PMUTBot
566	c83a002ecc882a800161fc637cc2a5aca287c034	runner.PMUTBot
567	c4e9f9cfa73d652811058bcad545b60f32f632ae	runner.PMUTBot
568	a48442ca9fa2b603593ba129dd09e178046ddadf	runner.PMUTBot
569	df926befd9e9b3fc133739fa980fb299a93a2615	runner.PMUTBot
570	ba73bbbebdfc86e97d0e7921505108ace0c07d82	runner.PMUTBot
571	9bde060896d9a3ee6d6e7b6a13240144bf6d092d	runner.PMUTBot
572	71be1ab8460d1eb273ff1f4126b791a17e08b74f	runner.PMUTBot
573	ee2927fdf92553e077fd990536503f73cd2951ba	runner.PMUTBot
574	06032a7c3b293752c439fc575f8e68270f563161	runner.PMUTBot
575	66574cf793311be80e61cf09d607366d213433bd	runner.PMUTBot
576	3264a766d89df4a31bf69c2fe1a22b935fc70cae	runner.PMUTBot
577	3c4ce8725461094b5cab0a0d2431506989f11cd3	runner.PMUTBot
578	2a3ee9318c2a2e02dc23223d20d37ba294a00a57	runner.PMUTBot
579	efc3075d040e75c7d650d828d110dc78577df8bf	runner.PMUTBot
580	7fe36056a5b72726e6f68a2b22e40d9859cf63a9	runner.PMUTBot
581	3eb3890a95a91761f3de64d23b6f07687a33891c	runner.PMUTBot
582	36e3d4f8e3eb69977a8d4128905bb9872e2c1fe4	runner.PMUTBot
583	3751e12d426594645ff89c8082f8f4f803ec0811	runner.PMUTBot
584	74bf0f7dcf604f9930b1a116c0709d030230189b	runner.PMUTBot
585	26dc64d96841bb190c92ab7836cf04c15fe3d109	runner.PMUTBot
586	5ea418ab1c9f7bd615bd67d95be0638af4cf7d11	runner.PMUTBot
587	76f4c78a6bf3c8fecc796cbe90c85c023d228b63	runner.PMUTBot
588	f4a192d74c6f982d20bc4313f33ac7fe3a17cc1b	runner.PMUTBot
589	527d58a2d0ccae8013182d83252acef4982aebcc	runner.PMUTBot
590	002df73272244315e48c5e04d96acd6383a1bb14	runner.PMUTBot
591	db6e0d688165692e03b315295d5e07071baddd47	runner.PMUTBot
592	7197771fb54ecec3b85b31d15008a9e10fbd193a	runner.PMUTBot
593	a24c6c9feda90831a7d7963fd6a9afa89ab01693	runner.PMUTBot
594	bd16772fdee25522d0fc6f23e7d112bddbd87401	runner.PMUTBot
595	0b1a8d6cbf4489ffecdbe1b81ca605f6c0f77a75	runner.PMUTBot
596	6febe5dad18e40d71f4a0323b5b551e4bc72ce63	runner.PMUTBot
597	26ec8d50540774d404fdb9a51ffbe3e171646e31	runner.PMUTBot
598	ed653a9782f70f63bdc52e48ad369887d6847b85	runner.PMUTBot
599	0f47539475ed54914a5a452a6d48658f58ad1292	runner.PMUTBot
600	3b3699f38ff6d502030648b11c9c6a37ab0dcb61	runner.PMUTBot
601	be250fff1055df99f242fef3eca67537845ed402	runner.PMUTBot
602	33867113ac424a25b968babaae071a965d939de6	runner.PMUTBot
603	06fd9e5c8e96f156f3fcf6316835d373a8ce2527	runner.PMUTBot
604	83a848ef398b15988bdaa051979461e4337e1c78	runner.PMUTBot
605	c41d1a2cb9294a546d3beaa4dbc7dc3208a32597	runner.PMUTBot
606	c9d0acf9d83a9a7303f93037bc4399e98ef4dec2	runner.PMUTBot
607	dd196d600aa62e837d86872da84d08388635dc66	runner.PMUTBot
608	e66b82ba0d44b83cdf26164454a78085bf733efc	runner.PMUTBot
609	8627d1abd1f01cccb18f89a4fb808af9b5d0f7ff	runner.PMUTBot
610	fec3a53de081aed7733123e554f6e89fdd04e2ae	runner.PMUTBot
611	10af54ad729a16fc03396adc51bd2d2ea506713e	runner.PMUTBot
612	68ea6642b78e03c020ab8a5bbb2b140804df7557	runner.PMUTBot
613	d01b542023d754a61ab7ba68620a487f731e4a95	runner.PMUTBot
614	c4477c2e81bbd61ede86b8aad70ce4545c089181	runner.PMUTBot
615	32675eba9d4dadbc77bac69d208fc7e45e085454	runner.PMUTBot
616	5384ad8cd41e9f1c577caff2460273756ec75976	runner.PMUTBot
617	bf372941eef24452013ab801ab54a18e5f230171	runner.PMUTBot
618	2f76f05158eafa288f425a9c68c12289956fc48a	runner.PMUTBot
619	5722ea68837f4594d8be57b07a59fbefe229d1df	runner.PMUTBot
620	bddc3849189cd32f275f030b1c049daebeb86c81	runner.PMUTBot
621	830092780545a2949035ab7e2092ee033cae69ac	runner.PMUTBot
622	486b1a3686d478d1697f9d1c7690afa349474375	runner.PMUTBot
623	7af330db24e9a9a76c838bbb5a043f8a8813d79b	runner.PMUTBot
624	ed58fcdcb7f8edb267fe8289dc392e0ea1b4bdd7	runner.PMUTBot
625	b6c106087241a4deb062e0103c465f9f8191da46	runner.PMUTBot
626	abbf0008477adc445f58c961e0c8cd5bae432340	runner.PMUTBot
627	36171f86ac44a170b92e541008cf4c450572fa0f	runner.PMUTBot
628	9c04fc0beff4eac76d63125384f41d94202de438	runner.PMUTBot
629	ea247f9c79d3f8df3ddaa3e52e339d63ac122803	runner.PMUTBot
630	b55a74a39d8c676959dd449661f317d0c98cfe6c	runner.PMUTBot
631	632ea1f77ca6d3977f7dedeb3f8cec5c03bc06b0	runner.PMUTBot
632	5b93947866667ff9f22c56d2de015ef8c430b4ad	runner.PMUTBot
633	153509d7b9e815a8a7af6199682e3a63a8159926	runner.PMUTBot
634	1fe739f6e1509b4b93412e5f54570a2c2d1b45bf	runner.PMUTBot
635	676d7f16b5c1004e77859e41b7e05ad36b0ab3d9	runner.PMUTBot
636	4fb41d3db59079adfb6c0fe2ce90094de8fed71f	runner.PMUTBot
637	04dc70a8a28c6ddcce757d9cc08be0114bc77310	runner.PMUTBot
638	3676917656ea005b3198f02e90693b5e8ad8b42b	runner.PMUTBot
639	9c00aa8f85cc5090d139fd7591539a0dbdd12c2c	runner.PMUTBot
640	30db9d9d374bf3bfd1b5b1bb81bc5090aef90502	runner.PMUTBot
641	0a597505be542df2ed4732f50b3f1d6197fa67a6	runner.PMUTBot
642	b0d14d346c0a440c8e8dce36c70a933abffe1d24	runner.PMUTBot
643	65fcf00e920c6edc2ae8f067a25968632ac02646	runner.PMUTBot
644	86a1f6a56abf9e89d57d961c1c546490931f9dbc	runner.PMUTBot
645	fcfebff51f870a5bf07c7d7d7d693ea5ac53d471	runner.PMUTBot
646	c17cbd86840dda4ff9182d55ef708aa6f1c45815	runner.PMUTBot
647	7e4bda97ba9a6a4fea399db2dcee278220659ba1	runner.PMUTBot
648	fd14d7e2ab8ce955573f3840aba2931404780063	runner.PMUTBot
649	de3d54e6dddf31ac5d1273435cad67d2046250ef	runner.PMUTBot
650	ad0d4602ab2b65dedbac6252aee062de46587172	runner.PMUTBot
651	60d959e79d94a8b06199fd6b407deecbff8fb81e	runner.PMUTBot
652	f0cc549b736611d55751814e78ab8a4614a570a4	runner.PMUTBot
653	189ba4c6b3fa94765d08e949bc5487a8dc106534	runner.PMUTBot
654	3305a4781908f2dc0b1e1b9e57ba87f1af765426	runner.PMUTBot
655	7c2ea57ebbbd4ca0a81909378803758434195f9d	runner.PMUTBot
656	fb86026cd2d5406109d1738d6a3d00d9792430de	runner.PMUTBot
657	3d6ecfb5b7ffa0b53c935d9bb0a25ae01ea146fe	runner.PMUTBot
658	ab0c5eeabea136d1c13bc5985d0c39df17951612	runner.PMUTBot
659	1dc98cd73d63d59ed3b286d88d4e11f898ee8636	runner.PMUTBot
660	38fa5e845c5e4ce9113ce124006102dbf32921c9	runner.PMUTBot
661	5291b9cec4baf7bb42bbe788a9c6a685d9c837cd	runner.PMUTBot
662	22387f2a06ac118ea3be0467f80ded86fad9ace7	runner.PMUTBot
663	b77e7eb8ffccdd6aa5e88539ef2e54e0cd26cb05	runner.PMUTBot
664	45663e7aae07f36807c50aa224c15d575c9b513f	runner.PMUTBot
665	19758cbe3e189db33e671953f8930cadf5e5b587	runner.PMUTBot
666	54f7deac9a8151cd43b6dc67e7d2212cabb83c87	runner.PMUTBot
667	e5d104e502b09224a432abf7c820dd11f1383cf2	runner.PMUTBot
668	3565ca9e9789f5f8f6306173c7656b1c9ba02b92	runner.PMUTBot
669	440ad8ef8f060be75dda1f79c374fbaa1f52f05b	runner.PMUTBot
670	b7d7bc23bc78cd909914b66a949c102f59ea051f	runner.PMUTBot
671	b6b9c79aec4f5d7780674f05aa6394e0fec28e40	runner.PMUTBot
672	469adf6d1e608944f0e8e5f17a03115b3097d061	runner.PMUTBot
673	8faff20914035ba67bc42b268448c340fb2e9ced	runner.PMUTBot
674	85c71a0aacc400b10ec103c911e557fdebc39005	runner.PMUTBot
675	0b28ab3068eec05a745853eb1d969679afb1aaf1	runner.PMUTBot
676	7fa413c82575b7f09d913fdd593c19bff660241f	runner.PMUTBot
677	1b332a9f48ce6fe77d8a0006a63ebe2aa80c404f	runner.PMUTBot
678	1ae7a02bea7df44d2582c029cac767ada4719e70	runner.PMUTBot
679	7f6a20dba6c64723ed91d169a727baf78e761649	runner.PMUTBot
680	ef2b38d77316f41401647e36f9757d2ee94d2e50	runner.PMUTBot
681	8a464473179b3354e66003c062f8b87cad54ed21	runner.PMUTBot
682	ab6231856a4ff9f066498af8b57202b7f26fe39e	runner.PMUTBot
683	91f246f77493c2df3f73bed153f23b62b3344c46	runner.PMUTBot
684	6747c9993358fb86e6b724e7f2c4129cdb11187d	runner.PMUTBot
685	e3a4ba8b8bc2f770b4e1e550f3f674f541c9d26a	runner.PMUTBot
686	6615c18afba3b1d86fe0fc090ef8f30ad727f6d6	runner.PMUTBot
687	84c5181e1252cf2e7e85080a384565253c34dcdd	runner.PMUTBot
688	98d949de6bbdff86c4666843fda093d4fc7c2024	runner.PMUTBot
689	bd75ec39292868ef0777de8407cb70d5e739707e	runner.PMUTBot
690	56783191adf795d47dbd631962364d559dd7654f	runner.PMUTBot
691	443145254d1f45a370578426b66e8f928eefde88	runner.PMUTBot
692	73ce3b88cee56fccde4466abb91ef7fd2bf9d6fa	runner.PMUTBot
693	d8b56cae5f0f436d13e9d2d4c06b19d989e90672	runner.PMUTBot
694	723554476ef3745778cc8e2b03553bc06c34370e	runner.PMUTBot
695	6cc7e6a48b7bf03c805dcda5aba5ca4d22dabed6	runner.PMUTBot
696	e57075d29ffb02007d2b857c2459851b051f9df2	runner.PMUTBot
697	984b3bd21144359235866c0b8aeda746875dc15a	runner.PMUTBot
698	9382115de8f3bdd0ab85fbd3254dd198824fa32a	runner.PMUTBot
699	dc12e2ccd1d7e152c9821faca1e5b3eb05167bac	runner.PMUTBot
700	d657bad037b486bbcf0f9edf634dbf9623e66edb	runner.PMUTBot
701	b25ba9458db5f8a0e952e47d7f377d385fde7238	runner.PMUTBot
702	118bf2046247a90580b9012a5a638b2d424e7a47	runner.PMUTBot
703	fa44016e08236316ccf50cee1a50bc2ee97ce443	runner.PMUTBot
704	2edf90d68ef1cec445eee0f6c44fecec095158be	runner.PMUTBot
705	d4995774ff661804b03e0d21bcac8af48c5f928a	runner.PMUTBot
706	1136709da59b6943ed61bb2aad77181d36bee854	runner.PMUTBot
707	dc67e339e8639332036a16b19fc8223a5344a2e7	runner.PMUTBot
708	99754fa9fac01f735da75983f7ae2a871b16c6e2	runner.PMUTBot
709	75fcc763fbdc60771e4c911be44c84fb2fb716e3	runner.PMUTBot
710	eb2b0520663251017fee034bbbfcb4e47d4d15af	runner.PMUTBot
711	b142e7f6ca0d7c5d2fac12ed5369ed43a86c0402	runner.PMUTBot
712	8de821aa08073fd097d30559a10f5e88722874f7	runner.PMUTBot
713	9b04602b9624633b80095e7d5649026d8fafd6f2	runner.PMUTBot
714	967124401cc2b0cf8ea77eaa95ec24a61b7c2a06	runner.PMUTBot
715	ff9d3aa70ae552a4668052e542b338cce79722bb	runner.PMUTBot
716	54469df09ec890e36563fa6b13efa0cac7372917	runner.PMUTBot
717	87a2b004d256d2bfab596193c0fcac160cac3e30	runner.PMUTBot
718	e4817b2b78958ac29d806273993493787f82f596	runner.PMUTBot
719	ec78e71880ddaea9184198cfb6829afa8681162e	runner.PMUTBot
720	189cdd236e8b34db0e54178cb34067b5a04bc222	runner.PMUTBot
721	0cb71f41eda670fbd683f03d50d1f575da35c7fa	runner.PMUTBot
722	05a480599ba3bb916fb0c1aba4d3339fdff99f68	runner.PMUTBot
723	47c8335854f0f724214a40296721b826514fd676	runner.PMUTBot
724	767d436c3cfd45e4d7ef262da958b6fd60eb61d9	runner.PMUTBot
725	42fb13e220d65aced617c247a4be772711fd5825	runner.PMUTBot
726	941e20b5b477f21e51d77888790018b8bb5c9ae3	runner.PMUTBot
727	7ff515bc5b05dedb79b397b6b21e6528e651067d	runner.PMUTBot
728	26e6163c55368b7d8b0a6050debadee4bf3c6196	runner.PMUTBot
729	5d5d7acaed55f9c4bbe396106e23dd9cf970a5bf	runner.PMUTBot
730	eb9de83fb9b9c86f8d7706a532678f8c653b176a	runner.PMUTBot
731	04538c0ad466413fe4eaa0b3841a5b30b46b0fc6	runner.PMUTBot
732	bffb1635974b84216cc2bfddf48d8426cd1fd663	runner.PMUTBot
733	ddf2a550954aa79e88802a7d7a463989a409526a	runner.PMUTBot
734	c4e30b100972192fdcab28a7f7d0a35492d1e1c0	runner.PMUTBot
735	8e011d0c634638b59415ee619caab2b00032586f	runner.PMUTBot
736	d38a8e10448dde87fcba6f9bc61aae10d13a7c62	runner.PMUTBot
737	69f53da4676a331c9a91088ad5e87bcc1b32c869	runner.PMUTBot
738	3220c59054814d7cb3bbb36b76da53e33d1b8d76	runner.PMUTBot
739	78e40ccd9ee61dceac881136aae60a731726e61e	runner.PMUTBot
740	00b9468a510e5c736634516040c4c98335c836c6	runner.PMUTBot
741	0fdcd7c810465f7d3ab6137d597f61ebdda4fcc6	runner.PMUTBot
742	a4ffe1e2880b0f247ccdadf7819b0a69fc046ecc	runner.PMUTBot
743	6b2a9e88382aa4d6355aeb2556b21343c606aff4	runner.PMUTBot
744	78a7f12468a4598ce01902c3a21152d496419c47	runner.PMUTBot
745	f3ece485fb1b264db53918b1aac2d0f93c89206e	runner.PMUTBot
746	e8ee4ae3f8f8ca0fab702b1632e771732e16849c	runner.PMUTBot
747	bec6b4a04f7eb1c13880fe428eed9d8da8663340	runner.PMUTBot
748	fe22f0b5f2959b8773b672777bff6dd734608d32	runner.PMUTBot
749	8cb5521c69d3901525ebe74b7baa03536bad27ca	runner.PMUTBot
750	4037e7890f32ca04391c89e7f2ca53e457193b60	runner.PMUTBot
751	f60f355bc6e4b427bb018d6a10b4b48e4d7bc9d9	runner.PMUTBot
752	0fb175ffe063b6dc7ca7b1e50a84da933582f12d	runner.PMUTBot
753	facb7bd96a70d52dff1b9da775a0fd7c7c400f62	runner.PMUTBot
754	3a3154ff5a2c21edf112eb5ca9d473f4ab01a3c8	runner.PMUTBot
755	d7a84c7c8d457f8e0c33ba4e32d3388bd6e52bc2	runner.PMUTBot
756	374082a0ee17617789fce6023a03bc194be97d00	runner.PMUTBot
757	90b6ffe96eafceff4061b817de066f4f429a5f0c	runner.PMUTBot
758	96187e408a4962080f854edcd7f0aeed728bccd9	runner.PMUTBot
759	3399bb276a20c6397d2e715e006f701169d89d72	runner.PMUTBot
760	1e9abda454c93618a0a32aefa0ef69178702df5e	runner.PMUTBot
761	8bcfce44f0979d937fb3114509cd2bbfe851f00b	runner.PMUTBot
762	cb7d342b317e71c672e38d9f2e32fc9d7ab2a331	runner.PMUTBot
763	09342bba5f045162a197ded61df9a7d508d044fc	runner.PMUTBot
764	e1e854b7a0589418a1213a07a9690f7f66fba693	runner.PMUTBot
765	def44961a5adbef1b6842cbf1af0d0821cb44736	runner.PMUTBot
766	3f48fddcb59a5c758896b13407514d2b960e3d83	runner.PMUTBot
767	c2e71b2aa986baa41d38adb171e3165213f4943f	runner.PMUTBot
768	4885b89accd942401083ae74ab6a2ab174a0e489	runner.PMUTBot
769	03c32cdf13079e2cb5844fd86568537eb3d7676f	runner.PMUTBot
770	fb13c2c52ce657a1214f9cbeff29a4aeb63e7de9	runner.PMUTBot
771	be395cc3480fae958a4ef9edfa1327048a22efbf	runner.PMUTBot
772	edabeb9ef8cbea2f09f55fc20d44f14dbbc0d55c	runner.PMUTBot
773	b3ac4bc55d971c15a11c9e8ccf274edd17221f74	runner.PMUTBot
774	8098c8043f32a7279178486acc8784812548ac39	runner.PMUTBot
775	95fbcd807f392878e1058a03967a26e92f7ad207	runner.PMUTBot
776	5551073137010cb170c2d2aa62a40f9e811c298e	runner.PMUTBot
777	f8b8f2a63d59cdabc9b6408beebc8902609039e2	runner.PMUTBot
778	50a04a276a7f0c1b96f0b9d857094da26e5d1ca8	runner.PMUTBot
779	189c00ad816054510b8f282f6eef3224ec5cda0e	runner.PMUTBot
780	e7391a3f4bd3f5dbf9dac60b9a6cc6c07ce74d3b	runner.PMUTBot
781	e242a088b79e083b37815fc1bc20f9bba30edf8c	runner.PMUTBot
782	3deadb348e5998b103d024686c78ec20dd0c7d87	runner.PMUTBot
783	3d01dec75cdba5df67bba91408e3c0fec8bf1879	runner.PMUTBot
784	d791d31da750e01e4b865259a83d2e9063778f29	runner.PMUTBot
785	889211951dbadaea266bf0505893e1fe4bb8202b	runner.PMUTBot
786	b73786302fef65e12b66638f9974184a1f0a0c4d	runner.PMUTBot
787	b62c8e0ff4c89494522e08c817b95dcd5f65f1fd	runner.PMUTBot
788	119ba9c71f8574fa03968d00b42d3293e0ce0082	runner.PMUTBot
789	e72b991da36220e5129f946ab38faad6a2eaba22	runner.PMUTBot
790	389b471916ebb96b2ceb4c7acc7b2ff9acedecb2	runner.PMUTBot
791	803a34dbde7988e2d948d7d58d99aa212496df37	runner.PMUTBot
792	99d1a30da04d66211447531cf707db1007707bcc	runner.PMUTBot
793	0f6611c28221daf2d63b613a8b50538777fe83d0	runner.PMUTBot
794	caec4ae2dab9a57cd99688efa5c062d4f214ad84	runner.PMUTBot
795	0f22739138442e566230deaf7342dd1a8a35e70e	runner.PMUTBot
796	4442e67c55c00765b1e70f148b1695675510b187	runner.PMUTBot
797	762edae037a361e45bfecde8b0b9f5e48450e2d4	runner.PMUTBot
798	8fdaaae7f698c2c60d97ab3d81403c800435d5c5	runner.PMUTBot
799	1d95d13bfb42a7845769153aa33264d70e8e408c	runner.PMUTBot
800	06a3967e4d65a2f143d7d7d12e7de77c82627677	runner.PMUTBot
801	5337ac95144e40e83dbb6fac4dacf3821cae9b33	runner.PMUTBot
802	f5e3656cc461c9ceea156471a84926d2312e0dfa	runner.PMUTBot
803	5f76eaf689fbadffb60fab94cf7401cb1910ccd4	runner.PMUTBot
804	9ab01731cdb11b1a4cb211d2bb920de755f286de	runner.PMUTBot
805	e6ba93c1bb01d7c2d22f1112c93d79c612fa4752	runner.PMUTBot
806	85ee7ac13cc59e63355c6ced05dcc12e4b1e0dad	runner.PMUTBot
807	d31b79316ac7da99467dd14bb535f0d2da3dadcd	runner.PMUTBot
808	4bfdc568d67215f27e85d6959ab384dd3cd53308	runner.PMUTBot
809	8bf2bc38f8053c8e595937954e3f5c2f39cd8fcd	runner.PMUTBot
810	ae05a0208c5a4cebda7b4349c045bbe10e368719	runner.PMUTBot
811	45d937ef4ddfe69338de41afba69139d8ae4a6b6	runner.PMUTBot
812	3f8fea3c8c3ec62eceaf8eb6c36ef9d88e48ce3d	runner.PMUTBot
813	fe54f44cb4deeef57a482f556a844534b3be2533	runner.PMUTBot
814	6cc98952757938574340ba378b4ad681c6415170	runner.PMUTBot
815	6eea079b3f7b98888b423b533efdcedaa81e5af7	runner.PMUTBot
816	7716a6c1a35b2667c74df64698f8acdbab0b05b8	runner.PMUTBot
817	07cb7dea5c6577d99f38cefbf0c8f55da089a876	runner.PMUTBot
818	2c2626da1086c8a859d7e0891374ddee5e3d2a9f	runner.PMUTBot
819	bef2df5541672207fb4d6661a627cc4dabab4007	runner.PMUTBot
820	6a98f34b6f9183fcaee0c22e5d6a37be2d4b0efe	runner.PMUTBot
821	3a5addb44b1aed838c8cc61d0095a7e2c88604f7	runner.PMUTBot
822	9ae789738e139d28ef80c994b06fc763106dcb18	runner.PMUTBot
823	ab6299dc21acbd645a62caa3cbe2363af6f3776b	runner.PMUTBot
824	26aa1dd2eda6042702e75ecb61eaa1d51d5b8af1	runner.PMUTBot
825	4ecf9bfc7b25221cdc0a875660a60185a993e97c	runner.PMUTBot
826	c52d1f39bf9f893e976ca9073480b414bb01cf84	runner.PMUTBot
827	9861dda42d23f34b7d78867d5b7f4fbf630bcfd8	runner.PMUTBot
828	055edca2105e7c46d564916a34ff4e7ef329ef67	runner.PMUTBot
829	5fce5ab8768efbf85213e79a8aa5ebc673f7a307	runner.PMUTBot
830	66ee75d127097b2ffa72060de7e68936476202a5	runner.PMUTBot
831	535029a5162c67af8e9c13bd85b1e71592e14581	runner.PMUTBot
832	67b48f5a1f9ff528605b06e6b8f25864c0222319	runner.PMUTBot
833	298a001dcea6ec03f092fee26f6e370b169435eb	runner.PMUTBot
834	cb0bd7b70e755e1d70169bdce12d3cad7e93f0ee	runner.PMUTBot
835	fba21fa570245b17acf050075dc68670a749a920	runner.PMUTBot
836	a2f3ad032874f8ee5a22bc8b0b2677c799760607	runner.PMUTBot
837	3bfdc71f7ad89bd9c15518c63f86e49f6791f8e8	runner.PMUTBot
838	7531de21126a0a2bf30203d7ba04672c2b872483	runner.PMUTBot
839	b09d97f5cbea623d165ab7ad5afcb3f57c5f6422	runner.PMUTBot
840	3e15534bf0923f27421804165031419fedf176cd	runner.PMUTBot
841	8f48d266f5998902f47d1962d631292e06e96b05	runner.PMUTBot
842	78b3fdfb8cca2c973671acbc27928a82c729cf8b	runner.PMUTBot
843	1befbcac63edb0dbbb44768232530ed8cbee5834	runner.PMUTBot
844	ca23b25913075893eb994d0a3d5c896a0f30fdcc	runner.PMUTBot
845	6083e9064308f3b7b1a041968383cc1cd31d2095	runner.PMUTBot
846	181714b1e8f017f7fdbad9c2b30cf357ce3b3138	runner.PMUTBot
847	0aa504456a935860706a9108c29de809ed3b92cc	runner.PMUTBot
848	b57f490c2f2abf44591cf51ae31c4ac4e8536e96	runner.PMUTBot
849	e11b218c6c4e0719a6ba0ff07ce6f8518de5e339	runner.PMUTBot
850	4d06a31ffa395c453c6a3c80087fea0c0918c315	runner.PMUTBot
851	206782a62c53e5936952ec0324631ecafc68c615	runner.PMUTBot
852	557436ede6359422b49a31bc82263e31796795c5	runner.PMUTBot
853	9257a1d2626af93a1595702f23ed3b5f2345d551	runner.PMUTBot
854	972d854fb89d798bf80154b37d345f9cfbe4e97f	runner.PMUTBot
855	d69bf2222a715dc472f60c3d7c7decae4b7a7ac7	runner.PMUTBot
856	f6e121e92bef90d42559da0b4f5580b520ed0f42	runner.PMUTBot
857	4366dbe5aacfd9bf2e047ed994feaf82d11d1fcd	runner.PMUTBot
858	d1e41ffc694ae7809196b2dc8cb5a45f36017e8e	runner.PMUTBot
859	7a057dd65526b6714cd10f90e2b565d213e2b2d8	runner.PMUTBot
860	59e96d4be4dd453122df6c31583029bb32a0f742	runner.PMUTBot
861	a741e741fc27adf5d77425f5fc94f077d710dae1	runner.PMUTBot
862	d9570e5beec1807061c06c8f6ead3d2550b9c1e9	runner.PMUTBot
863	59808458dc5c548e03c462c9987ea83162007bf8	runner.PMUTBot
864	8d6a907db5b23cfcfca51370a4153a57fa1f95fb	runner.PMUTBot
865	031802ec48e1ad3644814ab2604bf6d00fd80313	runner.PMUTBot
866	bb0815d90a74ca71c8646d84c581ea7805f8f21f	runner.PMUTBot
867	66ea600889c566d1ccf1e18eaab3259d19693842	runner.PMUTBot
868	7e4d1728d933baa4d7f755d8e1748f033edc0620	runner.PMUTBot
869	c882d2d948b8e15d8f2ad9a6836affa226971a56	runner.PMUTBot
870	76f24395256c8a3af65ad4c69c8b165f643319a7	runner.PMUTBot
871	2419e2dbb99456b03546a8611bade347b5d268f5	runner.PMUTBot
872	91310b44185a2907b96dbb218daa3cf7ac0a8e97	runner.PMUTBot
873	f56b400b7cf4644a9ba60eef58e042610c4f2021	runner.PMUTBot
874	48aa81e11bcba5b32906cdaebafec0cb4a760510	runner.PMUTBot
875	f748b959b86ed2c455a4c25b38064e68c43193d2	runner.PMUTBot
876	4c06099a333f22ac4c7e7ab824f02e56c6cc58ca	runner.PMUTBot
877	b34116bad0acc4bc1ee269200d1843bf1774bfeb	runner.PMUTBot
878	1cb02aff283978b44f3604fc516cef2c84ee529a	runner.PMUTBot
879	7dd2e47936d583d72b2bdcc9cdf6cc60e89310c9	runner.PMUTBot
880	798fac5735cef9e6a6a727c3373a826b5aff37f2	runner.PMUTBot
881	f0a0ac5536fbde51ff1f87c5fbf1c3d7ff9c6100	runner.PMUTBot
882	904bd35f17ba5852f6ad9b2af770abb2c7dab5dc	runner.PMUTBot
883	163bdd89f55448d980a612d32946be562875f4cf	runner.PMUTBot
884	c9714c708c030667cee2a6ad21788709ddd9592b	runner.PMUTBot
885	bd57e2754b407bae42577a85fea179b900aafe35	runner.PMUTBot
886	0229c4abbe1857ee8c0f8cfe426d2ffd29eaff2b	runner.PMUTBot
887	d74036b45f9028f2b88ee6a3739227adf57caf40	runner.PMUTBot
888	8540717300161cd0bf57fa240e43f3f74d3d6131	runner.PMUTBot
889	7bedfc8e147b93a92337f27a3b32c3b3753bc906	runner.PMUTBot
890	66cf75b9a2f9d8af45a10a1499e2df9891b04f52	runner.PMUTBot
891	3e59238fb5ebe7b9ba03c0e99b753bffb461f777	runner.PMUTBot
892	b143d1a191deb6c0f9f3ca2e05072d1fa625a477	runner.PMUTBot
893	4457c323eb21cc8669eb94b1879f236e100bed14	runner.PMUTBot
894	12dd252f9d9a12732e8e43e7405860209abd0696	runner.PMUTBot
895	1b0b5119bd952a49d16a7f29d98d5b81b2c1afc9	runner.PMUTBot
896	266e0c5b506763f21241cd0a55dc710995410e76	runner.PMUTBot
897	a7d8be70bea4a4bd6e3e57b7cb1160c95365ad96	runner.PMUTBot
898	8b16e8ca1945779969cf4a5c7536d6477a160f7b	runner.PMUTBot
899	7804fa3f824fd8a190b68e80d06bb5adcdc7d23f	runner.PMUTBot
900	680f5f22c1eb54d068ea0199ea3c14f934207d0d	runner.PMUTBot
901	ae9703862662799f5723716a47dd28d137e1c938	runner.PMUTBot
902	f2c9d94b0a189a6effcacd6e71ebcf23cfe17c2b	runner.PMUTBot
903	1dd2cac3ed47c69ee10ba9366bcefffb4c4a028c	runner.PMUTBot
904	111f3a143cce4f4e5552dff35b4815274413de32	runner.PMUTBot
905	f8e5b1d1550bec3a5cc77adf4b421ef729402f70	runner.PMUTBot
906	7404b6051114fb9af526bdce73df03df42f1dea9	runner.PMUTBot
907	aeec64e3bb7a6378b523549ca72a44f17f21f939	runner.PMUTBot
908	bc6ade249e163c15855ec8dbf4762c5780a28956	runner.PMUTBot
909	ada86ee1cf2a3eea9f3d292e18b1351ebbcabde4	runner.PMUTBot
910	dd744486d6524680a851a8c92e87514d4e6fda57	runner.PMUTBot
911	4601cd7f7f605a93d3f0eddded966b9f5ff31f95	runner.PMUTBot
912	e6136114bbf97c68846814c29a5f986a75dfe20c	runner.PMUTBot
913	10fe085ece51fff442d3be131497ac09f75deeed	runner.PMUTBot
914	3a5921d31b6db7b830703b0626dd7b539035173b	runner.PMUTBot
915	297815a62d42b9ee1c37f33b66c412858b5cbc64	runner.PMUTBot
916	b11ce965aa9f58580c73f3d17e7013792d0957ca	runner.PMUTBot
917	e7dae2f32aee7b77996c4bb18dc767548df27a44	runner.PMUTBot
918	ec66af9e4801b29d20053a4abe499eadcf6d2eed	runner.PMUTBot
919	2d9a39ea5378231c49132d762e0a7d095d0dde4b	runner.PMUTBot
920	f3e92308d2a5cf166fbc490fd09b80126b24c806	runner.PMUTBot
921	ba6a0af21eeb03e400bffebc443096feffb05467	runner.PMUTBot
922	2b1b698cf50feff87ea7ea6a39f66c4db5ac6989	runner.PMUTBot
923	7e76b6906f0c5cfd9551350b2a32eaf52c23dbb2	runner.PMUTBot
924	022da33a96094c76e66d0595fd215936f20cddeb	runner.PMUTBot
925	d9601383c2d92abee2bce4f34747da9a51ed0b6e	runner.PMUTBot
926	51373dd2d0b60897d99db0284295cdfe6eb84e74	runner.PMUTBot
927	72f3680ffdf8cb3a420d563d2c85a6d39b7bda27	runner.PMUTBot
928	089f3d46f5e316f484d2cfabaa1526f68b102453	runner.PMUTBot
929	9aec069f8bf6b7bf2cf1839af89d2165b727eea9	runner.PMUTBot
930	a1cf831dc1b6f9fde0fd4bfbb5c26d279d857cef	runner.PMUTBot
931	f06360b8f9e89c7206f15badc0e14d200276b935	runner.PMUTBot
932	28abe798eef8973d928ca6f83032bc800f391531	runner.PMUTBot
933	50a2e167c59775df6352306cc703d24168220f67	runner.PMUTBot
934	1b7799d872df704167e15175ce576206a67c7c93	runner.PMUTBot
935	4f96f869d680b33a936b851baea0eeeeb8f8d35f	runner.PMUTBot
936	0522df99c990a598efb7e0ab1a518b0010f50479	runner.PMUTBot
937	3f32e97e91fcb97b46768a62bc2b850cbe0fc7b2	runner.PMUTBot
938	434a520a68bae399fb651d151348ed588a98432d	runner.PMUTBot
939	1660530519e635f33a1763568bdad6e3e42c7040	runner.PMUTBot
940	48fe1b5a79f8b590950f6986cd1476e7dbaf9752	runner.PMUTBot
941	87399e5b305813d8e14c8adbe78cf919f9453d1e	runner.PMUTBot
942	7388c173541628ff8d00f34467c84b1d585178f4	runner.PMUTBot
943	fb918b8f78ba70e7e099d65988381f4fcbe268d3	runner.PMUTBot
944	91f70661459745fff02b408803ee5688f6ef7463	runner.PMUTBot
945	973dc9d403968a9c00948a633d8f5fdb04d52187	runner.PMUTBot
946	63f756248571890bc814aca170decd1241d075b4	runner.PMUTBot
947	7c228882b83a8ae08b829e6d030b2b3f51145a52	runner.PMUTBot
948	8ae1edb1d167fb8695fb2495b3b2f088d78f6af2	runner.PMUTBot
949	ad65b8d05e42d5d4476cf9374c3979ce5cc838b9	runner.PMUTBot
950	2b5fc3f05c99311fb5292c3f1d16c5c3591699b0	runner.PMUTBot
951	e8e546a8f6db04417b609a38fed6610956673610	runner.PMUTBot
952	dabb352020413e69bf26ff5ebe97f1ce12526d99	runner.PMUTBot
953	a434919c615866f051ecaca0d08cf91e4de8777e	runner.PMUTBot
954	668eb35a6f2c418dbcc04bea480b07a9f2a28aab	runner.PMUTBot
955	86eb78105975bcf630360051b5204c8312aa7d12	runner.PMUTBot
956	c321dc7caa8cab6aa3aadba415454ec639df0661	runner.PMUTBot
957	a0aa0f26066ba552f021a840f92fe0c9336af02a	runner.PMUTBot
958	9cf6c5effefbe4bfcab3f596e451ad9af9a68ce9	runner.PMUTBot
959	42843c3a9844f6effaf8e5b1dc5062d524359c0d	runner.PMUTBot
960	4beced63591ff71207978f726d146f72efa061c5	runner.PMUTBot
961	c7bf32c6e87e41f6cc9acfe46aa12950ae5add33	runner.PMUTBot
962	104333f3bbf8b60b6219f96f7a2f661395c89484	runner.PMUTBot
963	bbe00229df5ba88c36153580e39a0229c101cdef	runner.PMUTBot
964	10a1e48d1b4c25a9fa71f5cb74d614c1a506cd13	runner.PMUTBot
965	3c2c84157fd72954cf5732b0702e6f3bc0bc2226	runner.PMUTBot
966	377dee9e0518de554c88464b22b5f9ebe4d8cbdf	runner.PMUTBot
967	bc016bff82b09c674040dafe96681a4426ef5061	runner.PMUTBot
968	5663ab68b51124bb54a26c458e8e2da1609d04b6	runner.PMUTBot
969	21d9eeca41a1bd64736ab3eac837d99910d69931	runner.PMUTBot
970	8514907b8280cd8f0d37c440c9b9975139c605d5	runner.PMUTBot
971	cd07de360b1cc1ca944ad74dea9061638872eceb	runner.PMUTBot
972	eb52be127a0203eca67106095d1a0e9b479efeba	runner.PMUTBot
973	551081eac59bd8977e0781146c5d4b9f35d8ef20	runner.PMUTBot
974	e61218f5dd3117b5848a853266cbdb9bd7b3e880	runner.PMUTBot
975	178922fad0bc7554f580a838da68fdae5c20e081	runner.PMUTBot
976	42395a77e0133e066d8e2a0159cbd0a44c782ee7	runner.PMUTBot
977	090d337d59b562a14363be277fb490f647425c3a	runner.PMUTBot
978	54dea6d67b6cc0fdf5cddf0bd8aa5ac070d52760	runner.PMUTBot
979	2a0a09b693f26a432b2c0c9a8a1dc3663feb7cbf	runner.PMUTBot
980	2291544ac92336272cc9da87cb9eaa4a4a6f72f7	runner.PMUTBot
981	984c26668e9de8eaaaebc4dbc3fa51ccac8ca5f5	runner.PMUTBot
982	7418b8cdf95509e78c14185959a5e021b7b3c40e	runner.PMUTBot
983	8ba55a203eb240beaebc39e4d24b6dde62e19d23	runner.PMUTBot
984	802ce3b133a0efed11ee53aa6ec4b8a91c79d974	runner.PMUTBot
985	1a5af318bdf27a262c58cefe2c7127deff9ff0e6	runner.PMUTBot
986	4cb00ef2706a1930cf2cc3587879a36458d3b7ba	runner.PMUTBot
987	debe395e6a783ed85063a547682b97ff3690db44	runner.PMUTBot
988	cfeb09b4c397964b4adc1cc39da87c18dc2a47c2	runner.PMUTBot
989	69eee998095b7c0aa19175638ae636d47fe888dd	runner.PMUTBot
990	486c76bae9c0cb28c9a912ed485dd302771db802	runner.PMUTBot
991	6e54b1e8f0749120a271db71af461ee3f1ea73e7	runner.PMUTBot
992	2a9d6036222bba343d21bde5a43c6fb9d3ff9119	runner.PMUTBot
993	fbac4a2c36dd9907913049ee652897b9a5ad7fb8	runner.PMUTBot
994	c39bfee8383d8346976d59f7fb54bf4df7f52de9	runner.PMUTBot
995	8ea6c214afe76ff1e55292aef967d679a00d0411	runner.PMUTBot
996	e6c654f5fe0a4b1852ecb796de23c43f2629cac0	runner.PMUTBot
997	1aac28dd05ef22863660b2cbcc520dcd1bd3893f	runner.PMUTBot
998	f391d6866d3f4b70d0cb146739d9446b233d4a67	runner.PMUTBot
999	13f035f768c7b6c6b9c87492d862e8a9c6e0057c	runner.PMUTBot
1000	1712355bcc7b13e8e2d9cdf93176d840c167e2ed	runner.PMUTBot
1001	e1ef9addc605d43742c0a49ddb7102b50642ea70	runner.PMUTBot
1002	66abfc13b80ac066c394eb9e1e0042ef98299eb3	runner.PMUTBot
1003	58df3f861ee75c994172aa28bd5a9a7256e607e5	runner.PMUTBot
1004	957f393185629f8350232c96d2a59e414c83d500	runner.PMUTBot
1005	5a711990981458c7873f1cd4c434cd4e4db625c7	runner.PMUTBot
1006	92027187b746b3c3036710222c12de4e8307a2b8	runner.PMUTBot
1007	93a6977fa9fc26ea02670fbfc5cc65a7b4ede813	runner.PMUTBot
1008	0873a3ce2bd3b9d985f42ff525080689fbce6200	runner.PMUTBot
1009	40dce248cf55e4e60bc3890d66de79e5516fbc7d	runner.PMUTBot
1010	634485cffda60089a1db2e1c7ec8360a61467f3a	runner.PMUTBot
1011	cdb1cccede1c3afa61e62ef6ac1da4067e69a797	runner.PMUTBot
1012	6f71be74c32b250068a66c931e0a2ec814af282a	runner.PMUTBot
1013	e9394aa40e3a9296f82dd6dcfe17e9a8723c97b9	runner.PMUTBot
1014	e780488a5397dca21189d01e7b5c1f459f04c57d	runner.PMUTBot
1015	7a4fa0cef01abfb4311d119c03caf7182f7988a2	runner.PMUTBot
1016	52a58b6d61c67a77e21d6791b805b6daec67e799	runner.PMUTBot
1017	e4ae25c5d82ae427aa8432f282180203957e6a87	runner.PMUTBot
1018	4830ba54bbb572c208a0f3ccd71718357e11d984	runner.PMUTBot
1019	72370e6a912be83a7259088ac93a5da83db6a833	runner.PMUTBot
1020	eeee7ee16d1351e9dd24230679ade696efbd1e67	runner.PMUTBot
1021	18a04662ffac9ba6bc30878f1a5c1d23086d78fe	runner.PMUTBot
1022	83ac2de29e4afa17b799cf7934517ee2989fe504	runner.PMUTBot
1023	2fe4518a4b9b9ca358d721b9f018b6d72750e90e	runner.PMUTBot
1024	ea0d183a2cd8cfb5ee3625d4fb4b5dd403362aee	runner.PMUTBot
1025	cce7b20a112d7bb38c216e0a41e6e103523c3f57	runner.PMUTBot
1026	7a96b2721e55cfc1304e32f6bbfd4fa07e8dc9de	runner.PMUTBot
1027	9e2c321b83df47254a1f7ee04902162c61340f07	runner.PMUTBot
1028	57328dafeb044d009ac57466822b582d7e9a00c5	runner.PMUTBot
1029	7f9a2fa412d36917774abad66a0fb0d84389a090	runner.PMUTBot
1030	7d91ca0e19f6277d7031f51d723e7a28d3908b05	runner.PMUTBot
1031	f58e1c532b1260fbb67f6bb789f6733107d88bdb	runner.PMUTBot
1032	ffbc1fb5333d452b56d8ec2de02b320dbf78c1dc	runner.PMUTBot
1033	11929f43919b294a9eb544a76cdce5edb55650b1	runner.PMUTBot
1034	8d77a50ac3ea4801aed098a210041942b14f2396	runner.PMUTBot
1035	5a70c47330f1a236151e0dcaf32ba8282d2ba1fc	runner.PMUTBot
1036	0d71de6de710bb8c1d4919a286e26f6242903bde	runner.PMUTBot
1037	926392c9709a8f5cab5f20a747e52b93185e53fd	runner.PMUTBot
1038	5ada2bc6024a8ab83b37a5b17bd54ff368809169	runner.PMUTBot
1039	1f78ce75e09dd00d6cb7aea29fd181e612beeac0	runner.PMUTBot
1040	932ce494663488c84fa067cd5bb0f57153b3d850	runner.PMUTBot
1041	e9c8a76094b82689506c9395900ea8dcab054eec	runner.PMUTBot
1042	b78835266fe4d29d44b74ed1cff6c2e285f900cc	runner.PMUTBot
1043	4e57bc47ee389d8b849fa9ef406f28b4f0a133ab	runner.PMUTBot
1044	0f1390c8cc640a3f3d43fe08946cca493c37d5a3	runner.PMUTBot
1045	0a630957188826d5cfa7fb5ba16767566443f924	runner.PMUTBot
1046	2e00bf5aa125547c33ccd32ad348c0f2e29b8534	runner.PMUTBot
1047	e374eeba0fe646359c4ee6f22822ddb880f649fd	runner.PMUTBot
1048	44fd0a3da2e4f4a723ddd9aabc1c3f72600ff58f	runner.PMUTBot
1049	d4ce35e9bb252e2c7d6418b2a36c355530ffde03	runner.PMUTBot
1050	0be067e3c0fbf491991bd39c42fd32ef06994897	runner.PMUTBot
1051	cdeb3b1a7f8097a11cdd7503a5b398295c5c07ea	runner.PMUTBot
1052	b5512f6fbe8be96b07b28f9711bde9d2aa44c358	runner.PMUTBot
1053	63f24e977c81bd9c33e5aa092ac2dfde97bb4b6c	runner.PMUTBot
1054	b8284e1ef0773c735c9124a361b42f602fb1ef8f	runner.PMUTBot
1055	395dea01bf7822ad698429382991264aabfd8023	runner.PMUTBot
1056	00a78b4efc37a9d3d795c86473b373a331d02d40	runner.PMUTBot
1057	f01c43b9eeddb6242b31947b7a93309829d15fd5	runner.PMUTBot
1058	d0b3bc7e99de30349a539442258e487a183e8d70	runner.PMUTBot
1059	82a77dc61f724778abe5122f53e9c6fbf838a263	runner.PMUTBot
1060	11e7ad2d20c80d80319435b4cb3422df4d756d43	runner.PMUTBot
1061	174062b7e2dd63ed4cfc50e47db63263e93e42af	runner.PMUTBot
1062	e9604784a319590f78b32fa12525fe3139bb58fb	runner.PMUTBot
1063	4bd97ec15c11a93e1fb0188ee7f2434ab5f7dfd1	runner.PMUTBot
1064	f81829f2dddc60eaae529a7f2a934ba5938c1640	runner.PMUTBot
1065	44e9bce0805afb1902bba5751a80ae762d2a43a7	runner.PMUTBot
1066	92798cdeb6c9d98f23ca2abde382cce14535e20c	runner.PMUTBot
1067	50dd4f7b84f17b94023f4f588fce10653045f6cb	runner.PMUTBot
1068	fe980164bf2c94f99a76a18c6f73e82ce9f7d4ee	runner.PMUTBot
1069	7654b65dbd6cc8769baef56a69fd348d987402d5	runner.PMUTBot
1070	899796a2b5ae1066ff3bde23bdf99b9e5cd96ee8	runner.PMUTBot
1071	eb53787dca7a97c9a0c8002801664db0513961dd	runner.PMUTBot
1072	b6095252e105a7b144dbe39986746b7128e03f0d	runner.PMUTBot
1073	42e03b7b37e681a68ea554b824b03885b6db0140	runner.PMUTBot
1074	b492a065d7d7db71806b2c9deb37b944d89fac2d	runner.PMUTBot
1075	86ac7467a13e6ad037c13a372281a36416000c70	runner.PMUTBot
1076	baecd6429b3be6ba6e2808580c39354e0daaaa46	runner.PMUTBot
1077	be0bb52f01d10fea55d0f12945faa7abc3fab96a	runner.PMUTBot
1078	482c9a930d92744097a14824acca7e9be89430ae	runner.PMUTBot
1079	29f6f4484da4d2469d4a890acbb90e1548f5d83c	runner.PMUTBot
1080	16a6b4253a1680cd955af0e37f088275da00f14a	runner.PMUTBot
1081	493fe60f20d76812ff46a54e7872897ad999a37f	runner.PMUTBot
1082	aa118076ba669fa107f9dec2bcdbea61c34fb081	runner.PMUTBot
1083	3587b0e9a54a35ef19d52fd3289d58a77543131a	runner.PMUTBot
1084	e6ec43f169721b4a4657b21f77a8c0d6116585ca	runner.PMUTBot
1085	9075327f907113af5bf22b810a9eb6232871c7ab	runner.PMUTBot
1086	ec5deedbce0efe7f53b5069eb510e01b7ba14561	runner.PMUTBot
1087	c6bfd9367fca9448f47ebab080f1ca3554abd883	runner.PMUTBot
1088	07a5c59925bf81da6e51795916e10d3611292b7e	runner.PMUTBot
1089	d9e7cb6b82050a13a8b284fbcf2b9c18eba1b408	runner.PMUTBot
1090	aca351243872e4015cafcbf9fc250688e75b367d	runner.PMUTBot
1091	609de320d0270739360f69ec6fbf483387f7986d	runner.PMUTBot
1092	80771d379aa28dab07d36d7c34a1efc2efd67f2d	runner.PMUTBot
1093	12ca8cd90ba800f7087ba3e90fd6f6319be9ec42	runner.PMUTBot
1094	768c4e2caa2542277cdf764a12f258d00ae3a388	runner.PMUTBot
1095	336ab20f0bec0a5bd7e026db4d7ede3ccb7fc2cc	runner.PMUTBot
1096	8a25424837331725477ea3a161d369c15de22571	runner.PMUTBot
1097	7272430aa7a85fa01ac325f8f72f4577809f8a61	runner.PMUTBot
1098	311de575b5058fb25f561c89a0df7340896555a7	runner.PMUTBot
1099	f8842fdeb63bd1a1f9c230f352cceb4eebd84daf	runner.PMUTBot
1100	7122e584808e150eed79d1a8521d31124265a81d	runner.PMUTBot
1101	7c821a6b58e82014bca8a8029401a1bb72a44d8e	runner.PMUTBot
1102	c9f6dca38aea999f40a8ff38c241da11f715ac15	runner.PMUTBot
1103	eafe13d6ae6921366f5e23fb0f32e4f98d416860	runner.PMUTBot
1104	fb08d35f9026ad9381751290e047a36dda0e2fd8	runner.PMUTBot
1105	c4179acba0b48682cc69175c9018dcb871c66fe7	runner.PMUTBot
1106	523b7d92a5f0cebd916b7d16ce8d704c5d3c7fa8	runner.PMUTBot
1107	7f8bddb59b115ee39f515ec855d2b03bda3564ac	runner.PMUTBot
1108	1138c602a220bf031114e63cfd8646fc66b6f29c	runner.PMUTBot
1109	5f8191ee1c492731290ed36edf96e251907559da	runner.PMUTBot
1110	14269ec1c9a4e5f3af907407bc937d407fc5329c	runner.PMUTBot
1111	084c4dc3c475eadc3f94721d6221ec017f7904bf	runner.PMUTBot
1112	3770fcc3adafef88a2dd6d504bf7fe6b143e1256	runner.PMUTBot
1113	d934193b1bdae6831456c09fd8aefaec11893ad9	runner.PMUTBot
1114	f20c720a88d76b14bdd03688f99ac5922c11b9b4	runner.PMUTBot
1115	19a474eb6d9c32f17b21d46a15b815a6ddcb1a01	runner.PMUTBot
1116	636cf945cf93bc2671b4e8d8e9c178b9cae52326	runner.PMUTBot
1117	a1e10abac7346d8ff42da7f9680f5b6c594c9370	runner.PMUTBot
1118	bd73d3dfbe6bb7a80ea76c3f45d309575e5f4476	runner.PMUTBot
1119	db3c6e0ebba10215c3341ce805d6e9909c90b715	runner.PMUTBot
1120	4d3d8db9089db06ab485a6bc71dd317f07d8ca27	runner.PMUTBot
1121	c7e91a43e0fabc5fed9100aaa9eb84199aa7f7b4	runner.PMUTBot
1122	14167addbceed473e39dccb691693fbf11213b63	runner.PMUTBot
1123	b52b4d81982b048b74f7b12b875f84447ddb092d	runner.PMUTBot
1124	3c110c3144eb8a254e9b94933dbce11ebb1f9e7b	runner.PMUTBot
1125	eb1554bac84f0f98205a28a7b981f9cb0c07f789	runner.PMUTBot
1126	618054b0c526cb2bb9cd2051e8e4a9d4aaaac4ef	runner.PMUTBot
1127	4594f2c4ee60d13879f25cb590cb70a10a4f149d	runner.PMUTBot
1128	ccd09375fea4c1928d9ba033c8ce2830965d4e9b	runner.PMUTBot
1129	b330b5f1ecb8f75d0b8ed0c4e45512b9710cfec8	runner.PMUTBot
1130	39ca46ab6e4bd65d2acf32e2efea5dfb9772c951	runner.PMUTBot
1131	4c0fd2276c0f67cc0a3a3ea25d4061dbfcf65c2c	runner.PMUTBot
1132	e6f2a8d1c6ef3600eb334c9260d82cff134e6dfd	runner.PMUTBot
1133	8234d4dbacf4aa4eb112538e186851b6981891a0	runner.PMUTBot
1134	202b73f141c4b0d1c43560582ae65716f428b127	runner.PMUTBot
1135	a19e575ceba40d29e4139c3347c901fc362af366	runner.PMUTBot
1136	8f0c303410daad36ab22fa0fffaf21e419c87390	runner.PMUTBot
1137	49f75b68196b02d816d0b3d2924902b45a51b42b	runner.PMUTBot
1138	9a75fb9e3423286a0415bc569d5e66e8f46f9920	runner.PMUTBot
1139	15bb528a10acb511afd837c826f886ea768e5ea1	runner.PMUTBot
1140	96dadcf96a3038cacc150053c8b955ca82878007	runner.PMUTBot
1141	b135a472db6ef60735d5c0bbe15324353184b228	runner.PMUTBot
1142	cca62cb3c291e57dddc694f6ae2ef41cccecbd67	runner.PMUTBot
1143	1247d4573d6dc701d2269b46515e335839a3b61a	runner.PMUTBot
1144	698944626690eadb5ba85fe863dbef8012cb9b20	runner.PMUTBot
1145	06b30775c8bd93800b1192bfa942f7a39be7b944	runner.PMUTBot
1146	f79e99f40781bb7b304b845796b61213977d28fd	runner.PMUTBot
1147	62faccd3f03b892af47d09ce7225a36e532a4654	runner.PMUTBot
1148	c681177b342be4ae2ab289a5cf3d50f174f6b8f0	runner.PMUTBot
1149	5101369fde4c0c62e8241af61b82911454859cf7	runner.JasmineBot
1150	456d3791bcba5f592b376a1b54500df9abc9ddeb	runner.JasmineBot
